Date,Trees,Diff
2019-10-26,2381.846,0
2019-10-26,2465.338,83492
2019-10-26,2503.766,38428
2019-10-26,2558.605,54839
2019-10-26,2607.934,49329
2019-10-26,2676.964,69030
2019-10-26,2688.987,12023
2019-10-26,2715.053,26066
2019-10-26,2780.604,65551
2019-10-26,2834.535,53931
2019-10-26,2876.816,42281
2019-10-26,2906.562,29746
2019-10-26,3024.183,117621
2019-10-26,3155.654,131471
2019-10-26,3226.251,70597
2019-10-26,3292.401,66150
2019-10-26,3329.205,36804
2019-10-26,3384.858,55653
2019-10-26,3415.256,30398
2019-10-26,3551.239,135983
2019-10-26,3590.565,39326
2019-10-26,3640.77,50205
2019-10-26,3667.321,26551
2019-10-26,3753.889,86568
2019-10-26,3820.146,66257
2019-10-27,3868.149,48003
2019-10-27,3902.153,34004
2019-10-27,3929.964,27811
2019-10-27,3962.942,32978
2019-10-27,3991.806,28864
2019-10-27,4025.393,33587
2019-10-27,4048.243,22850
2019-10-27,4067.558,19315
2019-10-27,4135.528,67970
2019-10-27,4157.912,22384
2019-10-27,4176.582,18670
2019-10-27,4196.229,19647
2019-10-27,4216.955,20726
2019-10-27,4235.454,18499
2019-10-27,4251.449,15995
2019-10-27,4270.585,19136
2019-10-27,4284.602,14017
2019-10-27,4298.706,14104
2019-10-27,4311.831,13125
2019-10-27,4329.619,17788
2019-10-27,4344.407,14788
2019-10-27,4359.323,14916
2019-10-27,4376.6,17277
2019-10-27,4392.283,15683
2019-10-27,4406.549,14266
2019-10-27,4421.368,14819
2019-10-27,4438.385,17017
2019-10-27,4449.901,11516
2019-10-27,4462.271,12370
2019-10-27,4487.762,25491
2019-10-27,4487.762,0
2019-10-27,4487.762,0
2019-10-27,4488.107,345
2019-10-27,4488.107,0
2019-10-27,4488.107,0
2019-10-27,4503.299,15192
2019-10-27,4536.468,33169
2019-10-27,4586.119,49651
2019-10-27,4656.086,69967
2019-10-27,4720.597,64511
2019-10-27,4779.526,58929
2019-10-27,4917.215,137689
2019-10-27,4990.727,73512
2019-10-27,5014.036,23309
2019-10-27,5049.115,35079
2019-10-27,5049.115,0
2019-10-27,5085.268,36153
2019-10-27,5085.268,0
2019-10-27,5085.268,0
2019-10-27,5085.268,0
2019-10-27,5119.049,33781
2019-10-28,5132.237,13188
2019-10-28,5227.789,95552
2019-10-28,5240.056,12267
2019-10-28,5254.933,14877
2019-10-28,5269.684,14751
2019-10-28,5302.261,32577
2019-10-28,5316.677,14416
2019-10-28,5339.065,22388
2019-10-28,5349.453,10388
2019-10-28,5368.418,18965
2019-10-28,5376.864,8446
2019-10-28,5394.887,18023
2019-10-28,5401.593,6706
2019-10-28,5416.584,14991
2019-10-28,5422.88,6296
2019-10-28,5434.138,11258
2019-10-28,5441.798,7660
2019-10-28,5450.997,9199
2019-10-28,5458.941,7944
2019-10-28,5467.828,8887
2019-10-28,5475.66,7832
2019-10-28,5484.423,8763
2019-10-28,5493.569,9146
2019-10-28,5499.958,6389
2019-10-28,5510.578,10620
2019-10-28,5520.739,10161
2019-10-28,5529.637,8898
2019-10-28,5543.144,13507
2019-10-28,5550.892,7748
2019-10-28,5560.653,9761
2019-10-28,5570.118,9465
2019-10-28,5580.085,9967
2019-10-28,5599.986,19901
2019-10-28,5608.111,8125
2019-10-28,5618.086,9975
2019-10-28,5632.141,14055
2019-10-28,5642.14,9999
2019-10-28,5651.818,9678
2019-10-28,5662.834,11016
2019-10-28,5726.624,63790
2019-10-28,5739.85,13226
2019-10-28,5762.901,23051
2019-10-28,5773.363,10462
2019-10-28,5793.049,19686
2019-10-28,5809.288,16239
2019-10-28,5818.281,8993
2019-10-28,5860.166,41885
2019-10-29,5869.678,9512
2019-10-29,5952.201,82523
2019-10-29,5960.922,8721
2019-10-29,5975.107,14185
2019-10-29,5983.524,8417
2019-10-29,6000.072,16548
2019-10-29,6013.724,13652
2019-10-29,6028.21,14486
2019-10-29,6039.957,11747
2019-10-29,6045.343,5386
2019-10-29,6050.912,5569
2019-10-29,6056.44,5528
2019-10-29,6072.842,16402
2019-10-29,6075.673,2831
2019-10-29,6079.683,4010
2019-10-29,6084.009,4326
2019-10-29,6088.31,4301
2019-10-29,6093.24,4930
2019-10-29,6098.632,5392
2019-10-29,6103.785,5153
2019-10-29,6109.419,5634
2019-10-29,6114.587,5168
2019-10-29,6133.576,18989
2019-10-29,6150.231,16655
2019-10-29,6159.589,9358
2019-10-29,6172.114,12525
2019-10-29,6182.259,10145
2019-10-29,6190.113,7854
2019-10-29,6198.727,8614
2019-10-29,6207.484,8757
2019-10-29,6214.818,7334
2019-10-29,6233.055,18237
2019-10-29,6233.055,0
2019-10-29,6233.055,0
2019-10-29,6233.055,0
2019-10-29,6272.278,39223
2019-10-29,6282.879,10601
2019-10-29,6300.359,17480
2019-10-29,6310.3,9941
2019-10-29,6321.525,11225
2019-10-29,6332.298,10773
2019-10-29,6341.862,9564
2019-10-29,6372.872,31010
2019-10-29,6382.235,9363
2019-10-29,6393.62,11385
2019-10-29,6403.188,9568
2019-10-29,6417.701,14513
2019-10-29,6462.865,45164
2019-10-30,6473.308,10443
2019-10-30,6482.155,8847
2019-10-30,6491.345,9190
2019-10-30,7503.691,1012346
2019-10-30,7671.805,168114
2019-10-30,7692.472,20667
2019-10-30,7708.717,16245
2019-10-30,7738.64,29923
2019-10-30,7756.028,17388
2019-10-30,7770.725,14697
2019-10-30,7782.619,11894
2019-10-30,7793.997,11378
2019-10-30,7803.445,9448
2019-10-30,7813.509,10064
2019-10-30,7833.592,20083
2019-10-30,7842.698,9106
2019-10-30,7854.357,11659
2019-10-30,7866.027,11670
2019-10-30,7877.354,11327
2019-10-30,7898.86,21506
2019-10-30,7911.134,12274
2019-10-30,7922.739,11605
2019-10-30,7941.683,18944
2019-10-30,7952.036,10353
2019-10-30,7962.681,10645
2019-10-30,7973.484,10803
2019-10-30,8022.361,48877
2019-10-30,8062.621,40260
2019-10-30,8076.461,13840
2019-10-30,8090.307,13846
2019-10-30,8127.907,37600
2019-10-30,8160.294,32387
2019-10-30,8177.334,17040
2019-10-30,8192.779,15445
2019-10-30,8226.511,33732
2019-10-30,8243.049,16538
2019-10-30,8258.754,15705
2019-10-30,8275.031,16277
2019-10-30,8291.86,16829
2019-10-30,8311.317,19457
2019-10-30,8328.899,17582
2019-10-30,8355.001,26102
2019-10-30,8632.647,277646
2019-10-30,8848.849,216202
2019-10-30,9865.232,1016383
2019-10-30,9954.301,89069
2019-10-30,9970.953,16652
2019-10-30,9996.158,25205
2019-10-31,10012.205,16047
2019-10-31,10030.658,18453
2019-10-31,10046.183,15525
2019-10-31,10097.449,51266
2019-10-31,10111.512,14063
2019-10-31,10134.348,22836
2019-10-31,10144.737,10389
2019-10-31,10155.822,11085
2019-10-31,10182.031,26209
2019-10-31,10210.91,28879
2019-10-31,10220.492,9582
2019-10-31,10228.484,7992
2019-10-31,10236.464,7980
2019-10-31,10243.526,7062
2019-10-31,10251.708,8182
2019-10-31,10257.29,5582
2019-10-31,10463.207,205917
2019-10-31,10470.357,7150
2019-10-31,10477.787,7430
2019-10-31,10488.336,10549
2019-10-31,10496.922,8586
2019-10-31,10514.398,17476
2019-10-31,10523.101,8703
2019-10-31,10533.011,9910
2019-10-31,10541.25,8239
2019-10-31,10550.862,9612
2019-10-31,10560.478,9616
2019-10-31,10570.713,10235
2019-10-31,10595.633,24920
2019-10-31,10679.093,83460
2019-10-31,10692.785,13692
2019-10-31,10704.908,12123
2019-10-31,10920.191,215283
2019-10-31,10932.778,12587
2019-10-31,10946.402,13624
2019-10-31,10967.306,20904
2019-10-31,10976.949,9643
2019-10-31,10987.353,10404
2019-10-31,10998.024,10671
2019-10-31,11009.421,11397
2019-10-31,11021.324,11903
2019-10-31,11044.223,22899
2019-10-31,11057.695,13472
2019-10-31,11074.289,16594
2019-10-31,11090.637,16348
2019-10-31,11105.237,14600
2019-10-31,11119.605,14368
2019-10-31,11130.39,10785
2019-11-01,11141.41,11020
2019-11-01,11157.596,16186
2019-11-01,11164.951,7355
2019-11-01,11173.42,8469
2019-11-01,11181.32,7900
2019-11-01,11189.157,7837
2019-11-01,11196.919,7762
2019-11-01,11203.247,6328
2019-11-01,11208.993,5746
2019-11-01,11213.937,4944
2019-11-01,11236.267,22330
2019-11-01,11240.853,4586
2019-11-01,11244.021,3168
2019-11-01,11250.184,6163
2019-11-01,11253.204,3020
2019-11-01,11257.847,4643
2019-11-01,11262.951,5104
2019-11-01,11267.317,4366
2019-11-01,11270.65,3333
2019-11-01,11282.161,11511
2019-11-01,11286.577,4416
2019-11-01,11291.349,4772
2019-11-01,11298.423,7074
2019-11-01,11302.845,4422
2019-11-01,11308.938,6093
2019-11-01,11314.573,5635
2019-11-01,11321.239,6666
2019-11-01,11328.84,7601
2019-11-01,11335.254,6414
2019-11-01,11342.243,6989
2019-11-01,11350.043,7800
2019-11-01,11356.768,6725
2019-11-01,11365.909,9141
2019-11-01,11387.362,21453
2019-11-01,11394.863,7501
2019-11-01,11402.018,7155
2019-11-01,11407.906,5888
2019-11-01,11415.008,7102
2019-11-01,11434.169,19161
2019-11-01,11431.548,-2621
2019-11-01,11693.475,261927
2019-11-01,11701.004,7529
2019-11-01,11739.983,38979
2019-11-01,11748.157,8174
2019-11-01,11754.905,6748
2019-11-01,11771.6,16695
2019-11-01,11778.653,7053
2019-11-01,11789.706,11053
2019-11-02,11795.692,5986
2019-11-02,11801.469,5777
2019-11-02,11818.277,16808
2019-11-02,11822.928,4651
2019-11-02,11827.592,4664
2019-11-02,11834.019,6427
2019-11-02,11848.328,14309
2019-11-02,11853.427,5099
2019-11-02,11857.501,4074
2019-11-02,11910.967,53466
2019-11-02,11915.344,4377
2019-11-02,11929.165,13821
2019-11-02,11931.688,2523
2019-11-02,11934.823,3135
2019-11-02,11937.324,2501
2019-11-02,11939.644,2320
2019-11-02,11941.907,2263
2019-11-02,11944.458,2551
2019-11-02,11947.607,3149
2019-11-02,11950,2393
2019-11-02,11954.346,4346
2019-11-02,11959.232,4886
2019-11-02,11962.525,3293
2019-11-02,11966.428,3903
2019-11-02,11970.777,4349
2019-11-02,11975.226,4449
2019-11-02,11979.045,3819
2019-11-02,11984.352,5307
2019-11-02,12009.006,24654
2019-11-02,12016.033,7027
2019-11-02,12022.9,6867
2019-11-02,12029.96,7060
2019-11-02,12038.52,8560
2019-11-02,12045.374,6854
2019-11-02,12053.589,8215
2019-11-02,12060.754,7165
2019-11-02,12085.054,24300
2019-11-02,12094.793,9739
2019-11-02,12102.282,7489
2019-11-02,12108.795,6513
2019-11-02,12114.291,5496
2019-11-02,12122.828,8537
2019-11-02,12128.572,5744
2019-11-02,12134.336,5764
2019-11-02,12146.165,11829
2019-11-02,12172.831,26666
2019-11-02,12176.741,3910
2019-11-02,12180.934,4193
2019-11-03,12189.265,8331
2019-11-03,12193.602,4337
2019-11-03,12199.28,5678
2019-11-03,12203.52,4240
2019-11-03,12207.883,4363
2019-11-03,12222.607,14724
2019-11-03,12225.759,3152
2019-11-03,12228.825,3066
2019-11-03,12231.96,3135
2019-11-03,12235.097,3137
2019-11-03,12237.778,2681
2019-11-03,12240.802,3024
2019-11-03,12243.058,2256
2019-11-03,12245.873,2815
2019-11-03,12248.869,2996
2019-11-03,12250.485,1616
2019-11-03,12253.134,2649
2019-11-03,12256.342,3208
2019-11-03,12258.96,2618
2019-11-03,12261.011,2051
2019-11-03,12263.734,2723
2019-11-03,12266.328,2594
2019-11-03,12269.244,2916
2019-11-03,12272.176,2932
2019-11-03,12275.029,2853
2019-11-03,12278.556,3527
2019-11-03,12281.823,3267
2019-11-03,12284.684,2861
2019-11-03,12289.371,4687
2019-11-03,12293.984,4613
2019-11-03,12298.196,4212
2019-11-03,12302.096,3900
2019-11-03,12306.175,4079
2019-11-03,12330.195,24020
2019-11-03,12335.862,5667
2019-11-03,12343.054,7192
2019-11-03,12349.565,6511
2019-11-03,12354.701,5136
2019-11-03,12360.705,6004
2019-11-03,12369.298,8593
2019-11-03,12396.348,27050
2019-11-03,12409.025,12677
2019-11-03,12419.252,10227
2019-11-03,12431,11748
2019-11-03,12454.505,23505
2019-11-03,12462.259,7754
2019-11-03,12478.197,15938
2019-11-03,12484.18,5983
2019-11-04,12491.575,7395
2019-11-04,12496.876,5301
2019-11-04,12501.864,4988
2019-11-04,12507.408,5544
2019-11-04,12513.033,5625
2019-11-04,12527.249,14216
2019-11-04,12531.489,4240
2019-11-04,12536.686,5197
2019-11-04,12541.349,4663
2019-11-04,12546.213,4864
2019-11-04,12549.594,3381
2019-11-04,12552.494,2900
2019-11-04,12564.17,11676
2019-11-04,12566.655,2485
2019-11-04,12570.888,4233
2019-11-04,12573.671,2783
2019-11-04,12575.744,2073
2019-11-04,12577.944,2200
2019-11-04,12579.779,1835
2019-11-04,12583.34,3561
2019-11-04,12610.734,27394
2019-11-04,12613.117,2383
2019-11-04,12615.208,2091
2019-11-04,12617.654,2446
2019-11-04,12619.723,2069
2019-11-04,12621.797,2074
2019-11-04,12624.588,2791
2019-11-04,12627.295,2707
2019-11-04,12631.148,3853
2019-11-04,12642.896,11748
2019-11-04,12646.011,3115
2019-11-04,12649.398,3387
2019-11-04,12654.116,4718
2019-11-04,12656.918,2802
2019-11-04,12661.736,4818
2019-11-04,12680.524,18788
2019-11-04,12684.11,3586
2019-11-04,12688.513,4403
2019-11-04,12691.979,3466
2019-11-04,12716.188,24209
2019-11-04,12721.399,5211
2019-11-04,12726.854,5455
2019-11-04,12732.299,5445
2019-11-04,12740.011,7712
2019-11-04,12745.018,5007
2019-11-04,12748.41,3392
2019-11-04,12752.532,4122
2019-11-04,12753.946,1414
2019-11-05,12756.501,2555
2019-11-05,12759.559,3058
2019-11-05,12762.37,2811
2019-11-05,12812.256,49886
2019-11-05,12814.872,2616
2019-11-05,12818.771,3899
2019-11-05,12822.475,3704
2019-11-05,12826.207,3732
2019-11-05,12839.26,13053
2019-11-05,12843.713,4453
2019-11-05,12848.311,4598
2019-11-05,12857.222,8911
2019-11-05,12858.712,1490
2019-11-05,12862.143,3431
2019-11-05,12863.86,1717
2019-11-05,12866.106,2246
2019-11-05,12867.429,1323
2019-11-05,12869.269,1840
2019-11-05,12870.294,1025
2019-11-05,12875.416,5122
2019-11-05,12876.582,1166
2019-11-05,12878.103,1521
2019-11-05,12879.715,1612
2019-11-05,12881.626,1911
2019-11-05,12883.218,1592
2019-11-05,12885.088,1870
2019-11-05,12886.801,1713
2019-11-05,12888.222,1421
2019-11-05,12891.083,2861
2019-11-05,12894.203,3120
2019-11-05,12898.05,3847
2019-11-05,12904.488,6438
2019-11-05,12906.919,2431
2019-11-05,12909.674,2755
2019-11-05,12912.341,2667
2019-11-05,12914.597,2256
2019-11-05,12916.96,2363
2019-11-05,12919.456,2496
2019-11-05,12922.78,3324
2019-11-05,12928.773,5993
2019-11-05,12932.459,3686
2019-11-05,12936.313,3854
2019-11-05,12941.446,5133
2019-11-05,12944.322,2876
2019-11-05,12946.714,2392
2019-11-05,12969.646,22932
2019-11-05,12972.392,2746
2019-11-05,12986.697,14305
2019-11-06,12991.718,5021
2019-11-06,12994.801,3083
2019-11-06,12997.177,2376
2019-11-06,13005.959,8782
2019-11-06,13009.897,3938
2019-11-06,13013.412,3515
2019-11-06,13015.607,2195
2019-11-06,13018.174,2567
2019-11-06,13020.789,2615
2019-11-06,13023.787,2998
2019-11-06,13025.271,1484
2019-11-06,13033.693,8422
2019-11-06,13036.575,2882
2019-11-06,13038.255,1680
2019-11-06,13040.29,2035
2019-11-06,13041.533,1243
2019-11-06,13043.182,1649
2019-11-06,13044.197,1015
2019-11-06,13045.095,898
2019-11-06,13046.757,1662
2019-11-06,13049.543,2786
2019-11-06,13050.967,1424
2019-11-06,13052.675,1708
2019-11-06,13054.703,2028
2019-11-06,13056,1297
2019-11-06,13057.661,1661
2019-11-06,13059.504,1843
2019-11-06,13061.071,1567
2019-11-06,13063.283,2212
2019-11-06,13064.574,1291
2019-11-06,13073.249,8675
2019-11-06,13074.637,1388
2019-11-06,13077.054,2417
2019-11-06,13079.66,2606
2019-11-06,13082.984,3324
2019-11-06,13085.035,2051
2019-11-06,13086.822,1787
2019-11-06,13088.791,1969
2019-11-06,13093.547,4756
2019-11-06,13096.155,2608
2019-11-06,13098.647,2492
2019-11-06,13102.973,4326
2019-11-06,13105.496,2523
2019-11-06,13198.974,93478
2019-11-06,13201.898,2924
2019-11-06,13203.682,1784
2019-11-06,13206.63,2948
2019-11-06,14109.059,902429
2019-11-07,14112.352,3293
2019-11-07,14117.232,4880
2019-11-07,14167.224,49992
2019-11-07,14168.95,1726
2019-11-07,14172.697,3747
2019-11-07,14175.998,3301
2019-11-07,14178.079,2081
2019-11-07,14180.06,1981
2019-11-07,14182.014,1954
2019-11-07,14184.808,2794
2019-11-07,14186.534,1726
2019-11-07,14188.55,2016
2019-11-07,14190.165,1615
2019-11-07,14192.597,2432
2019-11-07,14193.934,1337
2019-11-07,14205.019,11085
2019-11-07,14206.361,1342
2019-11-07,14207.388,1027
2019-11-07,14208.612,1224
2019-11-07,14209.86,1248
2019-11-07,14210.983,1123
2019-11-07,14212.288,1305
2019-11-07,14213.276,988
2019-11-07,14214.541,1265
2019-11-07,14217.097,2556
2019-11-07,14218.248,1151
2019-11-07,14219.238,990
2019-11-07,14220.276,1038
2019-11-07,14221.652,1376
2019-11-07,14223.301,1649
2019-11-07,14224.725,1424
2019-11-07,14226.352,1627
2019-11-07,14228.419,2067
2019-11-07,14230.474,2055
2019-11-07,14232.641,2167
2019-11-07,14233.971,1330
2019-11-07,14235.624,1653
2019-11-07,14237.322,1698
2019-11-07,14240.878,3556
2019-11-07,14243.462,2584
2019-11-07,14245.027,1565
2019-11-07,14246.677,1650
2019-11-07,14248.926,2249
2019-11-07,14250.921,1995
2019-11-07,14253.112,2191
2019-11-07,14268.557,15445
2019-11-07,14270.125,1568
2019-11-07,14271.261,1136
2019-11-08,14273.661,2400
2019-11-08,14275.169,1508
2019-11-08,14276.285,1116
2019-11-08,14277.891,1606
2019-11-08,14279.275,1384
2019-11-08,14280.658,1383
2019-11-08,14281.828,1170
2019-11-08,14283.209,1381
2019-11-08,14284.313,1104
2019-11-08,14297.348,13035
2019-11-08,14298.289,941
2019-11-08,14299.288,999
2019-11-08,14300.088,800
2019-11-08,14302.075,1987
2019-11-08,14303.18,1105
2019-11-08,14303.971,791
2019-11-08,14305.24,1269
2019-11-08,14306.133,893
2019-11-08,14306.828,695
2019-11-08,14307.817,989
2019-11-08,14308.521,704
2019-11-08,14309.571,1050
2019-11-08,14311.112,1541
2019-11-08,14313.611,2499
2019-11-08,14314.509,898
2019-11-08,14315.249,740
2019-11-08,14316.063,814
2019-11-08,14317.074,1011
2019-11-08,14318.085,1011
2019-11-08,14319.202,1117
2019-11-08,14320.816,1614
2019-11-08,14322.476,1660
2019-11-08,14376.835,54359
2019-11-08,14379.594,2759
2019-11-08,14380.977,1383
2019-11-08,14408.204,27227
2019-11-08,14410.971,2767
2019-11-08,14412.427,1456
2019-11-08,14416.115,3688
2019-11-08,14419.879,3764
2019-11-08,14422.438,2559
2019-11-08,14424.901,2463
2019-11-08,14426.735,1834
2019-11-08,14428.476,1741
2019-11-08,14429.923,1447
2019-11-08,14432.07,2147
2019-11-08,14443.311,11241
2019-11-08,14444.97,1659
2019-11-09,14446.135,1165
2019-11-09,14447.244,1109
2019-11-09,14448.621,1377
2019-11-09,14449.692,1071
2019-11-09,14450.738,1046
2019-11-09,14452.162,1424
2019-11-09,14453.333,1171
2019-11-09,14455.241,1908
2019-11-09,14456.014,773
2019-11-09,14456.555,541
2019-11-09,14462.442,5887
2019-11-09,14463.727,1285
2019-11-09,14464.528,801
2019-11-09,14464.999,471
2019-11-09,14465.883,884
2019-11-09,14466.38,497
2019-11-09,14467.577,1197
2019-11-09,14468.323,746
2019-11-09,14469.024,701
2019-11-09,14469.789,765
2019-11-09,14470.349,560
2019-11-09,14471.374,1025
2019-11-09,14472.069,695
2019-11-09,14472.989,920
2019-11-09,14474.229,1240
2019-11-09,14475.148,919
2019-11-09,14476.004,856
2019-11-09,14477.311,1307
2019-11-09,14478.715,1404
2019-11-09,14480.209,1494
2019-11-09,14482.104,1895
2019-11-09,14483.521,1417
2019-11-09,14485.577,2056
2019-11-09,14489.465,3888
2019-11-09,14490.944,1479
2019-11-09,14492.286,1342
2019-11-09,14494.59,2304
2019-11-09,14496.261,1671
2019-11-09,14497.93,1669
2019-11-09,14499.554,1624
2019-11-09,14500.882,1328
2019-11-09,14523.838,22956
2019-11-09,14525.669,1831
2019-11-09,14528.004,2335
2019-11-09,14530.546,2542
2019-11-09,14535.088,4542
2019-11-09,14537.383,2295
2019-11-09,14540.326,2943
2019-11-10,14541.901,1575
2019-11-10,14543.956,2055
2019-11-10,14545.63,1674
2019-11-10,14547.137,1507
2019-11-10,14548.257,1120
2019-11-10,14549.485,1228
2019-11-10,14550.856,1371
2019-11-10,14553.124,2268
2019-11-10,14555.456,2332
2019-11-10,14556.556,1100
2019-11-10,14558.106,1550
2019-11-10,14559.023,917
2019-11-10,14559.562,539
2019-11-10,14560.061,499
2019-11-10,14561.17,1109
2019-11-10,14561.752,582
2019-11-10,14562.488,736
2019-11-10,14565.711,3223
2019-11-10,14566.119,408
2019-11-10,14567.354,1235
2019-11-10,14568.192,838
2019-11-10,14569.119,927
2019-11-10,14570.254,1135
2019-11-10,14571.233,979
2019-11-10,14572.054,821
2019-11-10,14572.931,877
2019-11-10,14573.886,955
2019-11-10,14574.821,935
2019-11-10,14575.952,1131
2019-11-10,14583.54,7588
2019-11-10,14585.425,1885
2019-11-10,14587.304,1879
2019-11-10,14588.863,1559
2019-11-10,14590.729,1866
2019-11-10,14593.48,2751
2019-11-10,14595.254,1774
2019-11-10,14597.771,2517
2019-11-10,14605.002,7231
2019-11-10,14608.194,3192
2019-11-10,14611.872,3678
2019-11-10,14613.473,1601
2019-11-10,14615.812,2339
2019-11-10,14618.207,2395
2019-11-10,14641.491,23284
2019-11-10,14643.072,1581
2019-11-10,14645.389,2317
2019-11-10,14646.669,1280
2019-11-10,14648.27,1601
2019-11-11,14649.644,1374
2019-11-11,14651.348,1704
2019-11-11,14654.074,2726
2019-11-11,14655.547,1473
2019-11-11,14657.289,1742
2019-11-11,14659.245,1956
2019-11-11,14661.025,1780
2019-11-11,14662.441,1416
2019-11-11,14663.718,1277
2019-11-11,14664.951,1233
2019-11-11,14702.764,37813
2019-11-11,14703.673,909
2019-11-11,14704.691,1018
2019-11-11,14705.438,747
2019-11-11,14706.547,1109
2019-11-11,14707.311,764
2019-11-11,14707.835,524
2019-11-11,14708.221,386
2019-11-11,14709.242,1021
2019-11-11,14710.877,1635
2019-11-11,14711.651,774
2019-11-11,14712.364,713
2019-11-11,14713.45,1086
2019-11-11,14714.092,642
2019-11-11,14714.576,484
2019-11-11,14716.271,1695
2019-11-11,14717.001,730
2019-11-11,14717.751,750
2019-11-11,14718.714,963
2019-11-11,14720.229,1515
2019-11-11,14721.416,1187
2019-11-11,14723.66,2244
2019-11-11,14725.38,1720
2019-11-11,14726.788,1408
2019-11-11,14735.547,8759
2019-11-11,14737.437,1890
2019-11-11,14739.064,1627
2019-11-11,14742.103,3039
2019-11-11,14745.748,3645
2019-11-11,14748.322,2574
2019-11-11,14749.738,1416
2019-11-11,14766.039,16301
2019-11-11,14769.294,3255
2019-11-11,14773.054,3760
2019-11-11,14775.798,2744
2019-11-11,14777.209,1411
2019-11-11,14791.243,14034
2019-11-11,14792.516,1273
2019-11-12,14793.641,1125
2019-11-12,14794.808,1167
2019-11-12,14796.694,1886
2019-11-12,14804.463,7769
2019-11-12,14807.09,2627
2019-11-12,14809.505,2415
2019-11-12,14811.105,1600
2019-11-12,14812.309,1204
2019-11-12,14813.941,1632
2019-11-12,14842.745,28804
2019-11-12,14845.109,2364
2019-11-12,14845.906,797
2019-11-12,14865.63,19724
2019-11-12,14866.52,890
2019-11-12,14883.618,17098
2019-11-12,14884.133,515
2019-11-12,14884.772,639
2019-11-12,14885.208,436
2019-11-12,14885.73,522
2019-11-12,14886.144,414
2019-11-12,14886.657,513
2019-11-12,14887.289,632
2019-11-12,14887.984,695
2019-11-12,14888.447,463
2019-11-12,14889.061,614
2019-11-12,14889.806,745
2019-11-12,14890.445,639
2019-11-12,14891.005,560
2019-11-12,14892.935,1930
2019-11-12,14894.482,1547
2019-11-12,14947.768,53286
2019-11-12,14949.153,1385
2019-11-12,14950.574,1421
2019-11-12,14952.499,1925
2019-11-12,14974.276,21777
2019-11-12,14975.599,1323
2019-11-12,14977.798,2199
2019-11-12,14978.487,689
2019-11-12,14979.691,1204
2019-11-12,14980.755,1064
2019-11-12,15012.142,31387
2019-11-12,15013.574,1432
2019-11-12,15014.915,1341
2019-11-12,15017.742,2827
2019-11-12,15019.135,1393
2019-11-12,15067.975,48840
2019-11-12,15068.806,831
2019-11-12,15070.111,1305
2019-11-13,15097.238,27127
2019-11-13,15098.41,1172
2019-11-13,15099.286,876
2019-11-13,15100.801,1515
2019-11-13,15101.922,1121
2019-11-13,15103.087,1165
2019-11-13,15103.763,676
2019-11-13,15106.96,3197
2019-11-13,15107.957,997
2019-11-13,15108.838,881
2019-11-13,15110.015,1177
2019-11-13,15111.348,1333
2019-11-13,15116.515,5167
2019-11-13,15117.339,824
2019-11-13,15117.672,333
2019-11-13,15118.108,436
2019-11-13,15118.957,849
2019-11-13,15119.361,404
2019-11-13,15119.672,311
2019-11-13,15120.313,641
2019-11-13,15120.801,488
2019-11-13,15122.326,1525
2019-11-13,15122.74,414
2019-11-13,15123.127,387
2019-11-13,15123.719,592
2019-11-13,15124.142,423
2019-11-13,15124.48,338
2019-11-13,15125.042,562
2019-11-13,15125.814,772
2019-11-13,15126.775,961
2019-11-13,15129.78,3005
2019-11-13,15131.484,1704
2019-11-13,15132.19,706
2019-11-13,15132.858,668
2019-11-13,15136.032,3174
2019-11-13,15136.639,607
2019-11-13,15138.543,1904
2019-11-13,15140.339,1796
2019-11-13,15141.211,872
2019-11-13,15142.288,1077
2019-11-13,15144.222,1934
2019-11-13,15145.172,950
2019-11-13,15149.34,4168
2019-11-13,15179.554,30214
2019-11-13,15180.942,1388
2019-11-13,15187.046,6104
2019-11-13,15188.197,1151
2019-11-13,15189.089,892
2019-11-14,15189.819,730
2019-11-14,15190.895,1076
2019-11-14,15192.871,1976
2019-11-14,15194.095,1224
2019-11-14,15195.134,1039
2019-11-14,15196.503,1369
2019-11-14,15197.485,982
2019-11-14,15198.5,1015
2019-11-14,15199.484,984
2019-11-14,15200.187,703
2019-11-14,15209.561,9374
2019-11-14,15210.284,723
2019-11-14,15210.812,528
2019-11-14,15211.083,271
2019-11-14,15211.636,553
2019-11-14,15212.077,441
2019-11-14,15212.555,478
2019-11-14,15213.021,466
2019-11-14,15213.532,511
2019-11-14,15213.965,433
2019-11-14,15235.127,21162
2019-11-14,15235.778,651
2019-11-14,15236.482,704
2019-11-14,15236.877,395
2019-11-14,15237.465,588
2019-11-14,15237.709,244
2019-11-14,15238.392,683
2019-11-14,15243.142,4750
2019-11-14,15243.88,738
2019-11-14,15245.197,1317
2019-11-14,15245.913,716
2019-11-14,15246.591,678
2019-11-14,15249.149,2558
2019-11-14,15255.745,6596
2019-11-14,15257.699,1954
2019-11-14,15258.119,420
2019-11-14,15259.582,1463
2019-11-14,15260.295,713
2019-11-14,15261.229,934
2019-11-14,15262.216,987
2019-11-14,15265.608,3392
2019-11-14,15270.31,4702
2019-11-14,15272.498,2188
2019-11-14,15273.828,1330
2019-11-14,15274.851,1023
2019-11-14,15277.16,2309
2019-11-14,15278.521,1361
2019-11-14,15280.344,1823
2019-11-15,15281.281,937
2019-11-15,15282.275,994
2019-11-15,15283.26,985
2019-11-15,15284.617,1357
2019-11-15,15285.68,1063
2019-11-15,15287.279,1599
2019-11-15,15288.205,926
2019-11-15,15289.263,1058
2019-11-15,15291.895,2632
2019-11-15,15292.904,1009
2019-11-15,15303.018,10114
2019-11-15,15303.866,848
2019-11-15,15304.533,667
2019-11-15,15304.94,407
2019-11-15,15305.335,395
2019-11-15,15305.748,413
2019-11-15,15306.309,561
2019-11-15,15306.554,245
2019-11-15,15307.412,858
2019-11-15,15307.791,379
2019-11-15,15308.692,901
2019-11-15,15309.225,533
2019-11-15,15309.578,353
2019-11-15,15310.092,514
2019-11-15,15373.794,63702
2019-11-15,15374.214,420
2019-11-15,15376.028,1814
2019-11-15,15376.535,507
2019-11-15,15377.237,702
2019-11-15,15381.342,4105
2019-11-15,15382.44,1098
2019-11-15,15383.325,885
2019-11-15,15384.15,825
2019-11-15,15384.901,751
2019-11-15,15386.498,1597
2019-11-15,15387.175,677
2019-11-15,15388.017,842
2019-11-15,15389.198,1181
2019-11-15,15390.559,1361
2019-11-15,15391.496,937
2019-11-15,15393.551,2055
2019-11-15,15402.107,8556
2019-11-15,15403.123,1016
2019-11-15,15404.203,1080
2019-11-15,15406.034,1831
2019-11-15,15407.112,1078
2019-11-15,15408.067,955
2019-11-15,15409.179,1112
2019-11-16,15411.028,1849
2019-11-16,15411.755,727
2019-11-16,15412.12,365
2019-11-16,15413.262,1142
2019-11-16,15414.714,1452
2019-11-16,15415.456,742
2019-11-16,15416.445,989
2019-11-16,15417.077,632
2019-11-16,15418.465,1388
2019-11-16,15419.059,594
2019-11-16,15419.542,483
2019-11-16,15420.357,815
2019-11-16,15420.811,454
2019-11-16,15421.523,712
2019-11-16,15421.916,393
2019-11-16,15422.803,887
2019-11-16,15423.214,411
2019-11-16,15423.423,209
2019-11-16,15423.69,267
2019-11-16,15424.284,594
2019-11-16,15425.707,1423
2019-11-16,15426.226,519
2019-11-16,15426.685,459
2019-11-16,15427.281,596
2019-11-16,15427.698,417
2019-11-16,15428.305,607
2019-11-16,15428.809,504
2019-11-16,15429.133,324
2019-11-16,15430.161,1028
2019-11-16,15431.165,1004
2019-11-16,15431.96,795
2019-11-16,15432.563,603
2019-11-16,15433.69,1127
2019-11-16,15434.841,1151
2019-11-16,15451.348,16507
2019-11-16,15452.273,925
2019-11-16,15453.732,1459
2019-11-16,15455.277,1545
2019-11-16,15456.13,853
2019-11-16,15457.474,1344
2019-11-16,15458.455,981
2019-11-16,15460.326,1871
2019-11-16,15461.561,1235
2019-11-16,15462.779,1218
2019-11-16,15465.156,2377
2019-11-16,15467.133,1977
2019-11-16,15469.813,2680
2019-11-16,15471.888,2075
2019-11-17,15478.423,6535
2019-11-17,15479.508,1085
2019-11-17,15480.578,1070
2019-11-17,15481.521,943
2019-11-17,15482.43,909
2019-11-17,15483.397,967
2019-11-17,15484.081,684
2019-11-17,15485.908,1827
2019-11-17,15486.726,818
2019-11-17,15487.424,698
2019-11-17,15488.434,1010
2019-11-17,15488.99,556
2019-11-17,15493.104,4114
2019-11-17,15493.693,589
2019-11-17,15494.256,563
2019-11-17,15494.623,367
2019-11-17,15495.339,716
2019-11-17,15495.716,377
2019-11-17,15496.107,391
2019-11-17,15496.516,409
2019-11-17,15497.036,520
2019-11-17,15497.494,458
2019-11-17,15498.039,545
2019-11-17,15498.863,824
2019-11-17,15499.68,817
2019-11-17,15500.153,473
2019-11-17,15500.592,439
2019-11-17,15501.378,786
2019-11-17,15502.124,746
2019-11-17,15504.556,2432
2019-11-17,15505.584,1028
2019-11-17,15506.771,1187
2019-11-17,15507.741,970
2019-11-17,15508.652,911
2019-11-17,15510.217,1565
2019-11-17,15511.304,1087
2019-11-17,15514.911,3607
2019-11-17,15516.514,1603
2019-11-17,15517.662,1148
2019-11-17,15521.155,3493
2019-11-17,15522.256,1101
2019-11-17,15524.864,2608
2019-11-17,15527.222,2358
2019-11-17,15528.464,1242
2019-11-17,15529.777,1313
2019-11-17,15530.746,969
2019-11-17,15532.948,2202
2019-11-17,15533.549,601
2019-11-18,15534.602,1053
2019-11-18,15540.377,5775
2019-11-18,15541.848,1471
2019-11-18,15542.852,1004
2019-11-18,15543.635,783
2019-11-18,15544.671,1036
2019-11-18,15545.188,517
2019-11-18,15545.876,688
2019-11-18,15547.276,1400
2019-11-18,15549.503,2227
2019-11-18,15549.945,442
2019-11-18,15550.588,643
2019-11-18,15551.4,812
2019-11-18,15552.32,920
2019-11-18,15552.79,470
2019-11-18,15553.17,380
2019-11-18,15553.575,405
2019-11-18,15553.787,212
2019-11-18,15554.578,791
2019-11-18,15554.874,296
2019-11-18,15555.178,304
2019-11-18,15555.598,420
2019-11-18,15556.168,570
2019-11-18,15556.71,542
2019-11-18,15557.7,990
2019-11-18,15558.104,404
2019-11-18,15558.653,549
2019-11-18,15559.034,381
2019-11-18,15575.154,16120
2019-11-18,15575.531,377
2019-11-18,15576.533,1002
2019-11-18,15577.115,582
2019-11-18,15577.583,468
2019-11-18,15578.531,948
2019-11-18,15579.286,755
2019-11-18,15580.584,1298
2019-11-18,15596.141,15557
2019-11-18,15597.215,1074
2019-11-18,15598.29,1075
2019-11-18,15599.829,1539
2019-11-18,15601.417,1588
2019-11-18,15602.483,1066
2019-11-18,15604.925,2442
2019-11-18,15605.99,1065
2019-11-18,15613.211,7221
2019-11-18,15614.158,947
2019-11-18,15615.089,931
2019-11-18,15617.465,2376
2019-11-19,15618.181,716
2019-11-19,15619.018,837
2019-11-19,15619.975,957
2019-11-19,15620.871,896
2019-11-19,15621.726,855
2019-11-19,15622.856,1130
2019-11-19,15623.769,913
2019-11-19,15624.599,830
2019-11-19,15625.756,1157
2019-11-19,15629.886,4130
2019-11-19,15630.607,721
2019-11-19,15631.114,507
2019-11-19,15631.779,665
2019-11-19,15632.855,1076
2019-11-19,15633.706,851
2019-11-19,15634.859,1153
2019-11-19,15635.522,663
2019-11-19,15636.1,578
2019-11-19,15636.371,271
2019-11-19,15636.745,374
2019-11-19,15637.199,454
2019-11-19,15637.624,425
2019-11-19,15638.227,603
2019-11-19,15639.174,947
2019-11-19,15639.441,267
2019-11-19,15639.924,483
2019-11-19,15640.442,518
2019-11-19,15641.14,698
2019-11-19,15649.405,8265
2019-11-19,15650.237,832
2019-11-19,15650.68,443
2019-11-19,15653.68,3000
2019-11-19,15654.268,588
2019-11-19,15654.798,530
2019-11-19,15655.698,900
2019-11-19,15656.51,812
2019-11-19,15658.146,1636
2019-11-19,15658.721,575
2019-11-19,15659.764,1043
2019-11-19,15661.675,1911
2019-11-19,15662.48,805
2019-11-19,15663.191,711
2019-11-19,15664.167,976
2019-11-19,15665.283,1116
2019-11-19,15665.951,668
2019-11-19,15666.603,652
2019-11-19,15668.906,2303
2019-11-19,15669.613,707
2019-11-20,15672.942,3329
2019-11-20,15673.729,787
2019-11-20,15674.172,443
2019-11-20,15674.861,689
2019-11-20,15675.572,711
2019-11-20,15676.346,774
2019-11-20,15676.985,639
2019-11-20,15677.642,657
2019-11-20,15678.35,708
2019-11-20,15678.707,357
2019-11-20,15679.566,859
2019-11-20,15680.654,1088
2019-11-20,15681.175,521
2019-11-20,15682.255,1080
2019-11-20,15682.721,466
2019-11-20,15683.697,976
2019-11-20,15684.073,376
2019-11-20,15684.404,331
2019-11-20,15685.619,1215
2019-11-20,15685.864,245
2019-11-20,15688.723,2859
2019-11-20,15689.074,351
2019-11-20,15689.559,485
2019-11-20,15690.105,546
2019-11-20,15690.4,295
2019-11-20,15690.926,526
2019-11-20,15691.356,430
2019-11-20,15691.797,441
2019-11-20,15692.12,323
2019-11-20,15705.156,13036
2019-11-20,15711.612,6456
2019-11-20,15712.228,616
2019-11-20,15712.755,527
2019-11-20,15713.17,415
2019-11-20,15723.736,10566
2019-11-20,15725.525,1789
2019-11-20,15726.21,685
2019-11-20,15727.868,1658
2019-11-20,15728.798,930
2019-11-20,15729.803,1005
2019-11-20,15831.876,102073
2019-11-20,15834.779,2903
2019-11-20,15836.48,1701
2019-11-20,15836.988,508
2019-11-20,15837.921,933
2019-11-20,15838.494,573
2019-11-20,15839.364,870
2019-11-20,15839.698,334
2019-11-21,15844.287,4589
2019-11-21,15845.088,801
2019-11-21,15846.427,1339
2019-11-21,15846.758,331
2019-11-21,15847.795,1037
2019-11-21,15848.547,752
2019-11-21,15848.981,434
2019-11-21,15849.381,400
2019-11-21,15850.023,642
2019-11-21,15852.647,2624
2019-11-21,15853.111,464
2019-11-21,15853.727,616
2019-11-21,15854.378,651
2019-11-21,15854.645,267
2019-11-21,15855.368,723
2019-11-21,15855.709,341
2019-11-21,15856.084,375
2019-11-21,15856.393,309
2019-11-21,15856.836,443
2019-11-21,15856.972,136
2019-11-21,15857.242,270
2019-11-21,15857.733,491
2019-11-21,15857.962,229
2019-11-21,15858.263,301
2019-11-21,15858.426,163
2019-11-21,15858.906,480
2019-11-21,15859.273,367
2019-11-21,15859.512,239
2019-11-21,15863.469,3957
2019-11-21,15863.899,430
2019-11-21,15864.577,678
2019-11-21,15875.183,10606
2019-11-21,15875.461,278
2019-11-21,15876.399,938
2019-11-21,15877.494,1095
2019-11-21,15878.088,594
2019-11-21,15884.163,6075
2019-11-21,15884.61,447
2019-11-21,15885.125,515
2019-11-21,15886.097,972
2019-11-21,15887.12,1023
2019-11-21,15887.748,628
2019-11-21,15888.524,776
2019-11-21,15889.022,498
2019-11-21,15889.492,470
2019-11-21,15890.232,740
2019-11-21,15891.992,1760
2019-11-21,15892.522,530
2019-11-22,15892.923,401
2019-11-22,15893.829,906
2019-11-22,15897.38,3551
2019-11-22,15898.01,630
2019-11-22,15901.509,3499
2019-11-22,15901.807,298
2019-11-22,15902.399,592
2019-11-22,15903.141,742
2019-11-22,15903.898,757
2019-11-22,15904.425,527
2019-11-22,15904.65,225
2019-11-22,15905.187,537
2019-11-22,15905.538,351
2019-11-22,15905.87,332
2019-11-22,15906.119,249
2019-11-22,15906.535,416
2019-11-22,15906.924,389
2019-11-22,15907.274,350
2019-11-22,15907.584,310
2019-11-22,15907.867,283
2019-11-22,15908.093,226
2019-11-22,15908.503,410
2019-11-22,15908.747,244
2019-11-22,15909.175,428
2019-11-22,15941.168,31993
2019-11-22,15941.334,166
2019-11-22,15942.121,787
2019-11-22,15942.543,422
2019-11-22,15945.74,3197
2019-11-22,15946.116,376
2019-11-22,15946.443,327
2019-11-22,15947.225,782
2019-11-22,15947.668,443
2019-11-22,15948.298,630
2019-11-22,15948.816,518
2019-11-22,15949.583,767
2019-11-22,16006.168,56585
2019-11-22,16007.633,1465
2019-11-22,16009.793,2160
2019-11-22,16010.742,949
2019-11-22,16011.293,551
2019-11-22,16011.906,613
2019-11-22,16012.848,942
2019-11-22,16013.163,315
2019-11-22,16013.442,279
2019-11-22,16013.971,529
2019-11-22,16014.717,746
2019-11-22,16015.647,930
2019-11-23,16017.414,1767
2019-11-23,16018.434,1020
2019-11-23,16019.03,596
2019-11-23,16019.712,682
2019-11-23,16020.317,605
2019-11-23,16020.933,616
2019-11-23,16021.184,251
2019-11-23,16021.43,246
2019-11-23,16021.967,537
2019-11-23,16022.351,384
2019-11-23,16023.556,1205
2019-11-23,16023.828,272
2019-11-23,16024.328,500
2019-11-23,16024.682,354
2019-11-23,16025.137,455
2019-11-23,16025.439,302
2019-11-23,16025.644,205
2019-11-23,16025.806,162
2019-11-23,16025.986,180
2019-11-23,16026.315,329
2019-11-23,16026.575,260
2019-11-23,16027.066,491
2019-11-23,16027.227,161
2019-11-23,16027.409,182
2019-11-23,16027.718,309
2019-11-23,16028.173,455
2019-11-23,16028.424,251
2019-11-23,16029.033,609
2019-11-23,16029.684,651
2019-11-23,16029.981,297
2019-11-23,16030.806,825
2019-11-23,16031.391,585
2019-11-23,16031.968,577
2019-11-23,16033.106,1138
2019-11-23,16034.098,992
2019-11-23,16034.991,893
2019-11-23,16036.253,1262
2019-11-23,16036.95,697
2019-11-23,16037.587,637
2019-11-23,16038.252,665
2019-11-23,16038.996,744
2019-11-23,16040.057,1061
2019-11-23,16041.109,1052
2019-11-23,16041.929,820
2019-11-23,16042.378,449
2019-11-23,16042.986,608
2019-11-23,16043.619,633
2019-11-23,16044.26,641
2019-11-24,16045.003,743
2019-11-24,16045.528,525
2019-11-24,16046.997,1469
2019-11-24,16047.546,549
2019-11-24,16048.273,727
2019-11-24,16048.875,602
2019-11-24,16049.433,558
2019-11-24,16049.778,345
2019-11-24,16050.979,1201
2019-11-24,16051.27,291
2019-11-24,16051.592,322
2019-11-24,16052.313,721
2019-11-24,16052.826,513
2019-11-24,16053.172,346
2019-11-24,16053.493,321
2019-11-24,16053.764,271
2019-11-24,16054.014,250
2019-11-24,16054.384,370
2019-11-24,16057.24,2856
2019-11-24,16058.003,763
2019-11-24,16058.213,210
2019-11-24,16058.977,764
2019-11-24,16059.975,998
2019-11-24,16060.331,356
2019-11-24,16060.902,571
2019-11-24,16061.227,325
2019-11-24,16061.822,595
2019-11-24,16062.208,386
2019-11-24,16062.776,568
2019-11-24,16063.12,344
2019-11-24,16073.516,10396
2019-11-24,16076.475,2959
2019-11-24,16076.92,445
2019-11-24,16077.871,951
2019-11-24,16078.687,816
2019-11-24,16079.472,785
2019-11-24,16080.234,762
2019-11-24,16081.218,984
2019-11-24,16082.15,932
2019-11-24,16082.777,627
2019-11-24,16084.951,2174
2019-11-24,16085.505,554
2019-11-24,16086.961,1456
2019-11-24,16087.915,954
2019-11-24,16088.936,1021
2019-11-24,16089.421,485
2019-11-24,16091.12,1699
2019-11-24,16091.632,512
2019-11-25,16092.123,491
2019-11-25,16093.322,1199
2019-11-25,16093.82,498
2019-11-25,16094.652,832
2019-11-25,16095.437,785
2019-11-25,16096.28,843
2019-11-25,16097.853,1573
2019-11-25,16098.65,797
2019-11-25,16099.329,679
2019-11-25,16100.062,733
2019-11-25,16125.261,25199
2019-11-25,16125.53,269
2019-11-25,16126.018,488
2019-11-25,16126.231,213
2019-11-25,16126.978,747
2019-11-25,16127.36,382
2019-11-25,16127.692,332
2019-11-25,16128.116,424
2019-11-25,16128.363,247
2019-11-25,16128.801,438
2019-11-25,16129.12,319
2019-11-25,16129.554,434
2019-11-25,16129.766,212
2019-11-25,16130.307,541
2019-11-25,16130.634,327
2019-11-25,16130.755,121
2019-11-25,16131.127,372
2019-11-25,16131.658,531
2019-11-25,16132.501,843
2019-11-25,16133.383,882
2019-11-25,16134.982,1599
2019-11-25,16135.242,260
2019-11-25,16135.912,670
2019-11-25,16136.484,572
2019-11-25,16137.194,710
2019-11-25,16137.818,624
2019-11-25,16138.658,840
2019-11-25,16144.637,5979
2019-11-25,16146,1363
2019-11-25,16147.436,1436
2019-11-25,16149.718,2282
2019-11-25,16151.043,1325
2019-11-25,16152.415,1372
2019-11-25,16153.464,1049
2019-11-25,16171.496,18032
2019-11-25,16172.53,1034
2019-11-25,16173.33,800
2019-11-25,16174.456,1126
2019-11-26,16175.428,972
2019-11-26,16176.265,837
2019-11-26,16176.927,662
2019-11-26,16177.673,746
2019-11-26,16178.592,919
2019-11-26,16180.216,1624
2019-11-26,16181.169,953
2019-11-26,16181.887,718
2019-11-26,16182.374,487
2019-11-26,16190.605,8231
2019-11-26,16191.182,577
2019-11-26,16191.601,419
2019-11-26,16191.864,263
2019-11-26,16193.867,2003
2019-11-26,16194.169,302
2019-11-26,16194.416,247
2019-11-26,16194.709,293
2019-11-26,16195.438,729
2019-11-26,16195.593,155
2019-11-26,16195.906,313
2019-11-26,16196.23,324
2019-11-26,16196.497,267
2019-11-26,16196.655,158
2019-11-26,16197.192,537
2019-11-26,16197.417,225
2019-11-26,16197.904,487
2019-11-26,16198.17,266
2019-11-26,16199.921,1751
2019-11-26,16200.265,344
2019-11-26,16203.889,3624
2019-11-26,16204.893,1004
2019-11-26,16206.174,1281
2019-11-26,16207.037,863
2019-11-26,16207.683,646
2019-11-26,16208.483,800
2019-11-26,16209.012,529
2019-11-26,16209.856,844
2019-11-26,16210.535,679
2019-11-26,16211.315,780
2019-11-26,16212.318,1003
2019-11-26,16213.197,879
2019-11-26,16216.77,3573
2019-11-26,16219.398,2628
2019-11-26,16220.274,876
2019-11-26,16223.489,3215
2019-11-26,16224.531,1042
2019-11-26,16227.023,2492
2019-11-26,16227.551,528
2019-11-27,16228.202,651
2019-11-27,16228.981,779
2019-11-27,16229.327,346
2019-11-27,16229.831,504
2019-11-27,16230.581,750
2019-11-27,16231.135,554
2019-11-27,16231.602,467
2019-11-27,16232.615,1013
2019-11-27,16233.001,386
2019-11-27,16233.487,486
2019-11-27,16233.994,507
2019-11-27,16234.412,418
2019-11-27,16234.729,317
2019-11-27,16235.071,342
2019-11-27,16235.378,307
2019-11-27,16235.57,192
2019-11-27,16235.769,199
2019-11-27,16235.985,216
2019-11-27,16236.548,563
2019-11-27,16236.83,282
2019-11-27,16237.043,213
2019-11-27,16237.371,328
2019-11-27,16238.089,718
2019-11-27,16238.591,502
2019-11-27,16238.931,340
2019-11-27,16239.242,311
2019-11-27,16239.713,471
2019-11-27,16240.298,585
2019-11-27,16240.739,441
2019-11-27,16241.521,782
2019-11-27,16241.934,413
2019-11-27,16243.092,1158
2019-11-27,16244.136,1044
2019-11-27,16244.538,402
2019-11-27,16245.274,736
2019-11-27,16246.435,1161
2019-11-27,16247.024,589
2019-11-27,16247.449,425
2019-11-27,16248.334,885
2019-11-27,16250.039,1705
2019-11-27,16250.852,813
2019-11-27,16252.391,1539
2019-11-27,16253.322,931
2019-11-27,16254.352,1030
2019-11-27,16256.595,2243
2019-11-27,16257.435,840
2019-11-27,16268.292,10857
2019-11-27,16269.263,971
2019-11-28,16269.856,593
2019-11-28,16270.301,445
2019-11-28,16270.867,566
2019-11-28,16271.418,551
2019-11-28,16272.183,765
2019-11-28,16275.523,3340
2019-11-28,16275.938,415
2019-11-28,16276.401,463
2019-11-28,16276.736,335
2019-11-28,16277.049,313
2019-11-28,16277.377,328
2019-11-28,16277.706,329
2019-11-28,16278.869,1163
2019-11-28,16282.175,3306
2019-11-28,16282.675,500
2019-11-28,16282.857,182
2019-11-28,16283.078,221
2019-11-28,16283.321,243
2019-11-28,16283.5,179
2019-11-28,16284.426,926
2019-11-28,16284.776,350
2019-11-28,16284.869,93
2019-11-28,16286.888,2019
2019-11-28,16287.254,366
2019-11-28,16287.375,121
2019-11-28,16287.765,390
2019-11-28,16288.126,361
2019-11-28,16288.293,167
2019-11-28,16288.531,238
2019-11-28,16289.333,802
2019-11-28,16289.786,453
2019-11-28,16290.361,575
2019-11-28,16290.808,447
2019-11-28,16291.989,1181
2019-11-28,16292.521,532
2019-11-28,16293.176,655
2019-11-28,16294.007,831
2019-11-28,16294.499,492
2019-11-28,16295.449,950
2019-11-28,16296.316,867
2019-11-28,16296.926,610
2019-11-28,16297.826,900
2019-11-28,16298.897,1071
2019-11-28,16301.51,2613
2019-11-28,16302.219,709
2019-11-28,16303.538,1319
2019-11-28,16304.663,1125
2019-11-29,16306.948,2285
2019-11-29,16307.257,309
2019-11-29,16307.922,665
2019-11-29,16308.408,486
2019-11-29,16308.866,458
2019-11-29,16309.256,390
2019-11-29,16311.404,2148
2019-11-29,16311.762,358
2019-11-29,16312.163,401
2019-11-29,16312.484,321
2019-11-29,16312.776,292
2019-11-29,16313.416,640
2019-11-29,16313.886,470
2019-11-29,16314.247,361
2019-11-29,16314.453,206
2019-11-29,16314.648,195
2019-11-29,16314.964,316
2019-11-29,16315.198,234
2019-11-29,16315.462,264
2019-11-29,16315.707,245
2019-11-29,16315.973,266
2019-11-29,16316.338,365
2019-11-29,16316.988,650
2019-11-29,16317.372,384
2019-11-29,16317.645,273
2019-11-29,16318.252,607
2019-11-29,16318.685,433
2019-11-29,16319.03,345
2019-11-29,16319.43,400
2019-11-29,16319.924,494
2019-11-29,16320.434,510
2019-11-29,16320.863,429
2019-11-29,16321.196,333
2019-11-29,16321.671,475
2019-11-29,16322.004,333
2019-11-29,16322.969,965
2019-11-29,16324.111,1142
2019-11-29,16325.087,976
2019-11-29,16355.624,30537
2019-11-29,16356.074,450
2019-11-29,16357.114,1040
2019-11-29,16357.777,663
2019-11-29,16358.980,1203
2019-11-29,16361.819,2839
2019-11-29,16362.258,439
2019-11-29,16363.647,1389
2019-11-29,16363.128,-519
2019-11-29,16363.838,710
2019-11-30,16364.439,601
2019-11-30,16364.981,542
2019-11-30,16365.777,796
2019-11-30,16366.851,1074
2019-11-30,16368.211,1360
2019-11-30,16369.063,852
2019-11-30,16370.402,1339
2019-11-30,16371.117,715
2019-11-30,16371.36,243
2019-11-30,16371.593,233
2019-11-30,16371.871,278
2019-11-30,16372.508,637
2019-11-30,16372.968,460
2019-11-30,16373.427,459
2019-11-30,16373.761,334
2019-11-30,16374.035,274
2019-11-30,16374.254,219
2019-11-30,16375.046,792
2019-11-30,16375.433,387
2019-11-30,16376.171,738
2019-11-30,16376.518,347
2019-11-30,16376.749,231
2019-11-30,16377.119,370
2019-11-30,16377.506,387
2019-11-30,16377.605,99
2019-11-30,16377.879,274
2019-11-30,16378.339,460
2019-11-30,16378.739,400
2019-11-30,16379.047,308
2019-11-30,16379.691,644
2019-11-30,16380.456,765
2019-11-30,16381.09,634
2019-11-30,16383.139,2049
2019-11-30,16383.934,795
2019-11-30,16384.703,769
2019-11-30,16385.598,895
2019-11-30,16387.405,1807
2019-11-30,16388.101,696
2019-11-30,16388.791,690
2019-11-30,16390.054,1263
2019-11-30,16390.947,893
2019-11-30,16392.169,1222
2019-11-30,16393.592,1423
2019-11-30,16416.819,23227
2019-11-30,16417.498,679
2019-11-30,16418.479,981
2019-11-30,16419.241,762
2019-11-30,16420.058,817
2019-12-01,16420.945,887
2019-12-01,16421.45,505
2019-12-01,16423.163,1713
2019-12-01,16424.618,1455
2019-12-01,16425.481,863
2019-12-01,16426.205,724
2019-12-01,16426.538,333
2019-12-01,16427.292,754
2019-12-01,16427.984,692
2019-12-01,16428.448,464
2019-12-01,16429.009,561
2019-12-01,16429.569,560
2019-12-01,16431.274,1705
2019-12-01,16432.683,1409
2019-12-01,16432.84,157
2019-12-01,16433.102,262
2019-12-01,16433.41,308
2019-12-01,16433.7,290
2019-12-01,16434.092,392
2019-12-01,16434.468,376
2019-12-01,16434.89,422
2019-12-01,16435.235,345
2019-12-01,16435.68,445
2019-12-01,16436.139,459
2019-12-01,16436.513,374
2019-12-01,16436.814,301
2019-12-01,16437.206,392
2019-12-01,16437.902,696
2019-12-01,16438.628,726
2019-12-01,16439.464,836
2019-12-01,16440.527,1063
2019-12-01,16441.482,955
2019-12-01,16442.831,1349
2019-12-01,16444.404,1573
2019-12-01,16445.275,871
2019-12-01,16446.853,1578
2019-12-01,16447.651,798
2019-12-01,16449.764,2113
2019-12-01,16450.684,920
2019-12-01,16451.41,726
2019-12-01,16452.312,902
2019-12-01,16454.423,2111
2019-12-01,16455.705,1282
2019-12-01,16456.76,1055
2019-12-01,16458.39,1630
2019-12-01,16460.148,1758
2019-12-01,16462.856,2708
2019-12-01,16463.967,1111
2019-12-02,16464.618,651
2019-12-02,16465.445,827
2019-12-02,16466.748,1303
2019-12-02,16467.237,489
2019-12-02,16470.241,3004
2019-12-02,16471.508,1267
2019-12-02,16472.278,770
2019-12-02,16473.531,1253
2019-12-02,16474.162,631
2019-12-02,16475.544,1382
2019-12-02,16476.204,660
2019-12-02,16476.975,771
2019-12-02,16487.903,10928
2019-12-02,16488.155,252
2019-12-02,16488.626,471
2019-12-02,16488.928,302
2019-12-02,16489.254,326
2019-12-02,16489.497,243
2019-12-02,16489.754,257
2019-12-02,16490.03,276
2019-12-02,16490.152,122
2019-12-02,16490.757,605
2019-12-02,16491.155,398
2019-12-02,16491.513,358
2019-12-02,16491.647,134
2019-12-02,16492.241,594
2019-12-02,16492.405,164
2019-12-02,16492.727,322
2019-12-02,16492.957,230
2019-12-02,16495.216,2259
2019-12-02,16495.595,379
2019-12-02,16509.947,14352
2019-12-02,16510.479,532
2019-12-02,16511.479,1000
2019-12-02,16512.175,696
2019-12-02,16512.926,751
2019-12-02,16513.241,315
2019-12-02,16514.017,776
2019-12-02,16515.002,985
2019-12-02,16515.662,660
2019-12-02,16516.763,1101
2019-12-02,16517.756,993
2019-12-02,16518.384,628
2019-12-02,16519.114,730
2019-12-02,16520.006,892
2019-12-02,16520.784,778
2019-12-02,16521.768,984
2019-12-02,16522.414,646
2019-12-03,16523.051,637
2019-12-03,16523.763,712
2019-12-03,16524.865,1102
2019-12-03,16526.518,1653
2019-12-03,16526.95,432
2019-12-03,16528.065,1115
2019-12-03,16528.459,394
2019-12-03,16528.803,344
2019-12-03,16530.452,1649
2019-12-03,16530.879,427
2019-12-03,16532.225,1346
2019-12-03,16539.645,7420
2019-12-03,16540.137,492
2019-12-03,16540.823,686
2019-12-03,16541.118,295
2019-12-03,16541.469,351
2019-12-03,16541.704,235
2019-12-03,16541.851,147
2019-12-03,16542.738,887
2019-12-03,16543.834,1096
2019-12-03,16544.161,327
2019-12-03,16544.427,266
2019-12-03,16544.762,335
2019-12-03,16546.398,1636
2019-12-03,16547.02,622
2019-12-03,16547.137,117
2019-12-03,16549.498,2361
2019-12-03,16549.947,449
2019-12-03,16551.808,1861
2019-12-03,16553.685,1877
2019-12-03,16554.567,882
2019-12-03,16555.149,582
2019-12-03,17057.452,502303
2019-12-03,17058.873,1421
2019-12-03,17059.756,883
2019-12-03,17070.072,10316
2019-12-03,17071.269,1197
2019-12-03,17073.671,2402
2019-12-03,17075.051,1380
2019-12-03,17077.35,2299
2019-12-03,17078.704,1354
2019-12-03,17080.108,1404
2019-12-03,17087.419,7311
2019-12-03,17088.696,1277
2019-12-03,17091.56,2864
2019-12-03,17093.745,2185
2019-12-03,17095.057,1312
2019-12-03,17096.174,1117
2019-12-04,17097.021,847
2019-12-04,17098.93,1909
2019-12-04,17100.558,1628
2019-12-04,17106.726,6168
2019-12-04,17107.988,1262
2019-12-04,17109.793,1805
2019-12-04,17112.742,2949
2019-12-04,17114.522,1780
2019-12-04,17115.632,1110
2019-12-04,17116.413,781
2019-12-04,17117.89,1477
2019-12-04,17120.268,2378
2019-12-04,17121.92,1652
2019-12-04,17123.252,1332
2019-12-04,17124.099,847
2019-12-04,17125.083,984
2019-12-04,17125.482,399
2019-12-04,17127.048,1566
2019-12-04,17127.582,534
2019-12-04,17128.109,527
2019-12-04,17128.693,584
2019-12-04,17129.3,607
2019-12-04,17129.674,374
2019-12-04,17129.993,319
2019-12-04,17132.984,2991
2019-12-04,17132.984,0
2019-12-04,17132.984,0
2019-12-04,17132.984,0
2019-12-04,17132.984,0
2019-12-04,17132.984,0
2019-12-04,17132.984,0
2019-12-04,17132.984,0
2019-12-04,17132.984,0
2019-12-04,17132.984,0
2019-12-04,17132.984,0
2019-12-04,17132.984,0
2019-12-04,17132.984,0
2019-12-04,17132.984,0
2019-12-04,17132.984,0
2019-12-04,17132.984,0
2019-12-04,17132.984,0
2019-12-04,17132.984,0
2019-12-04,17132.984,0
2019-12-04,17290.747,157763
2019-12-04,17291.525,778
2019-12-04,17294.024,2499
2019-12-04,17294.649,625
2019-12-05,17295.409,760
2019-12-05,17306.346,10937
2019-12-05,17307.166,820
2019-12-05,17307.959,793
2019-12-05,17308.934,975
2019-12-05,17309.387,453
2019-12-05,17310.315,928
2019-12-05,17310.747,432
2019-12-05,17311.296,549
2019-12-05,17311.931,635
2019-12-05,17313.094,1163
2019-12-05,17313.677,583
2019-12-05,17314.839,1162
2019-12-05,17315.218,379
2019-12-05,17315.651,433
2019-12-05,17316.188,537
2019-12-05,17316.827,639
2019-12-05,17317.455,628
2019-12-05,17318.194,739
2019-12-05,17318.44,246
2019-12-05,17318.792,352
2019-12-05,17319.46,668
2019-12-05,17319.683,223
2019-12-05,17319.853,170
2019-12-05,17320.121,268
2019-12-05,17320.304,183
2019-12-05,17320.559,255
2019-12-05,17320.85,291
2019-12-05,17321.415,565
2019-12-05,17321.415,0
2019-12-05,17322.412,997
2019-12-05,17324.003,1591
2019-12-05,17337.316,13313
2019-12-05,17338.445,1129
2019-12-05,17339.023,578
2019-12-05,17339.549,526
2019-12-05,17340.506,957
2019-12-05,17342.006,1500
2019-12-05,17343.695,1689
2019-12-05,17345.326,1631
2019-12-05,17347.021,1695
2019-12-05,17348.835,1814
2019-12-05,17350.849,2014
2019-12-05,17351.902,1053
2019-12-05,17353.16,1258
2019-12-05,17357.993,4833
2019-12-05,17359.385,1392
2019-12-05,17360.078,693
2019-12-06,17361.307,1229
2019-12-06,17362.544,1237
2019-12-06,17363.946,1402
2019-12-06,17364.808,862
2019-12-06,17365.565,757
2019-12-06,17367.643,2078
2019-12-06,17368.6,957
2019-12-06,17370.403,1803
2019-12-06,17370.97,567
2019-12-06,17371.772,802
2019-12-06,17372.598,826
2019-12-06,17373.116,518
2019-12-06,17374.217,1101
2019-12-06,17375.314,1097
2019-12-06,17376.306,992
2019-12-06,17377.554,1248
2019-12-06,17377.899,345
2019-12-06,17378.627,728
2019-12-06,17379.225,598
2019-12-06,17379.85,625
2019-12-06,17380.341,491
2019-12-06,17380.859,518
2019-12-06,17381.893,1034
2019-12-06,17382.259,366
2019-12-06,17382.82,561
2019-12-06,17383.197,377
2019-12-06,17383.69,493
2019-12-06,17384.463,773
2019-12-06,17385.005,542
2019-12-06,17386.198,1193
2019-12-06,17386.862,664
2019-12-06,17387.625,763
2019-12-06,17388.506,881
2019-12-06,17389.494,988
2019-12-06,17390.572,1078
2019-12-06,17391.584,1012
2019-12-06,17392.967,1383
2019-12-06,17424.876,31909
2019-12-06,17426.457,1581
2019-12-06,17427.292,835
2019-12-06,17428.456,1164
2019-12-06,17429.676,1220
2019-12-06,17430.746,1070
2019-12-06,17431.909,1163
2019-12-06,17433.164,1255
2019-12-06,17434.275,1111
2019-12-06,17436.302,2027
2019-12-06,17437.55,1248
2019-12-07,17438.558,1008
2019-12-07,17439.662,1104
2019-12-07,17440.273,611
2019-12-07,17440.746,473
2019-12-07,17441.283,537
2019-12-07,17443.15,1867
2019-12-07,17443.606,456
2019-12-07,17444.127,521
2019-12-07,17444.58,453
2019-12-07,17445.009,429
2019-12-07,17447,1991
2019-12-07,17447.564,564
2019-12-07,17447.894,330
2019-12-07,17448.601,707
2019-12-07,17449.147,546
2019-12-07,17449.305,158
2019-12-07,17449.538,233
2019-12-07,17449.762,224
2019-12-07,17450.457,695
2019-12-07,17451.537,1080
2019-12-07,17451.871,334
2019-12-07,17452.886,1015
2019-12-07,17453.522,636
2019-12-07,17454.288,766
2019-12-07,17454.897,609
2019-12-07,17455.295,398
2019-12-07,17456.082,787
2019-12-07,17456.637,555
2019-12-07,17457.29,653
2019-12-07,17458.062,772
2019-12-07,17458.581,519
2019-12-07,17462.615,4034
2019-12-07,17463.892,1277
2019-12-07,17464.719,827
2019-12-07,17466.261,1542
2019-12-07,17467.596,1335
2019-12-07,17468.031,435
2019-12-07,17469.624,1593
2019-12-07,17471.547,1923
2019-12-07,17472.061,514
2019-12-07,17472.919,858
2019-12-07,17474.013,1094
2019-12-07,17475.059,1046
2019-12-07,17475.9,841
2019-12-07,17476.696,796
2019-12-07,17477.656,960
2019-12-07,17478.562,906
2019-12-07,17479.532,970
2019-12-08,17483.243,3711
2019-12-08,17490.553,7310
2019-12-08,17491.371,818
2019-12-08,17492.282,911
2019-12-08,17493.065,783
2019-12-08,17493.736,671
2019-12-08,17494.436,700
2019-12-08,17494.729,293
2019-12-08,17495.337,608
2019-12-08,17496.687,1350
2019-12-08,17497.164,477
2019-12-08,17497.522,358
2019-12-08,17497.918,396
2019-12-08,17498.817,899
2019-12-08,17499.217,400
2019-12-08,17501.562,2345
2019-12-08,17501.85,288
2019-12-08,17503.338,1488
2019-12-08,17503.573,235
2019-12-08,17503.91,337
2019-12-08,17504.341,431
2019-12-08,17504.702,361
2019-12-08,17505.162,460
2019-12-08,17505.503,341
2019-12-08,17505.88,377
2019-12-08,17506.894,1014
2019-12-08,17507.569,675
2019-12-08,17510.253,2684
2019-12-08,17510.815,562
2019-12-08,17511.765,950
2019-12-08,17512.664,899
2019-12-08,17513.11,446
2019-12-08,17513.958,848
2019-12-08,17514.548,590
2019-12-08,17515.575,1027
2019-12-08,17517.91,2335
2019-12-08,17518.958,1048
2019-12-08,17519.646,688
2019-12-08,17520.567,921
2019-12-08,17522.228,1661
2019-12-08,17524.23,2002
2019-12-08,17525.28,1050
2019-12-08,17527.604,2324
2019-12-08,17528.586,982
2019-12-08,17529.697,1111
2019-12-08,17531.568,1871
2019-12-08,17533.26,1692
2019-12-08,17533.811,551
2019-12-09,17534.499,688
2019-12-09,17535.16,661
2019-12-09,17536.166,1006
2019-12-09,17537.008,842
2019-12-09,17537.934,926
2019-12-09,17538.958,1024
2019-12-09,17539.569,611
2019-12-09,17540.24,671
2019-12-09,17541.94,1700
2019-12-09,17598.393,56453
2019-12-09,17598.746,353
2019-12-09,17599.842,1096
2019-12-09,17600.737,895
2019-12-09,17601.023,286
2019-12-09,17601.22,197
2019-12-09,17601.513,293
2019-12-09,17602.831,1318
2019-12-09,17603.067,236
2019-12-09,17603.421,354
2019-12-09,17603.805,384
2019-12-09,17604.522,717
2019-12-09,17605.211,689
2019-12-09,17605.957,746
2019-12-09,17606.706,749
2019-12-09,17613.201,6495
2019-12-09,17617.851,4650
2019-12-09,17618.242,391
2019-12-09,17618.672,430
2019-12-09,17619.141,469
2019-12-09,17619.81,669
2019-12-09,17620.614,804
2019-12-09,17621.043,429
2019-12-09,17621.531,488
2019-12-09,17630.825,9294
2019-12-09,17631.629,804
2019-12-09,17632.366,737
2019-12-09,17633.993,1627
2019-12-09,17634.703,710
2019-12-09,17635.425,722
2019-12-09,17635.962,537
2019-12-09,17637.085,1123
2019-12-09,17638.386,1301
2019-12-09,17641.217,2831