2021-10-30,1359063,0
2021-10-30,1395232,36169
2021-10-30,3790278,85537
2021-10-30,3815238,24960
2021-10-30,3844178,28940
2021-10-30,3872942,28764
2021-10-30,3902575,29633
2021-10-30,3930840,28265
2021-10-30,3963038,32198
2021-10-30,3995992,32954
2021-10-30,4136936,140944
2021-10-30,4198577,61641
2021-10-30,4237088,38511
2021-10-30,4287695,50607
2021-10-30,4314023,26328
2021-10-30,4346150,32127
2021-10-30,4366493,20343
2021-10-30,4393151,26658
2021-10-30,4412698,19547
2021-10-30,4444037,31339
2021-10-31,4462482,18445
2021-10-31,4603112,140630
2021-10-31,4624133,21021
2021-10-31,4639908,15775
2021-10-31,4657355,17447
2021-10-31,4937865,280510
2021-10-31,4953054,15189
2021-10-31,5458607,505553
2021-10-31,6477299,1018692
2021-10-31,6489267,11968
2021-10-31,6500701,11434
2021-10-31,6513883,13182
2021-10-31,6526275,12392
2021-10-31,6538723,12448
2021-10-31,6548116,9393
2021-10-31,6556140,8024
2021-10-31,6565119,8979
2021-10-31,6571401,6282
2021-10-31,6578822,7421
2021-10-31,6585402,6580
2021-10-31,6591685,6283
2021-10-31,6599427,7742
2021-10-31,6609515,10088
2021-10-31,6618013,8498
2021-10-31,6625206,7193
2021-10-31,6636250,11044
2021-10-31,6643791,7541
2021-10-31,6650817,7026
2021-10-31,6660272,9455
2021-10-31,6668826,8554
2021-10-31,6679842,11016
2021-10-31,6691133,11291
2021-10-31,6702922,11789
2021-10-31,6715667,12745
2021-10-31,6730311,14644
2021-10-31,6864531,134220
2021-10-31,6884620,20089
2021-10-31,6902237,17617
2021-10-31,6915507,13270
2021-10-31,6927840,12333
2021-10-31,6942194,14354
2021-10-31,6954378,12184
2021-10-31,6970294,15916
2021-10-31,6985334,15040
2021-10-31,8199083,1213749
2021-10-31,8211532,12449
2021-10-31,8223106,11574
2021-10-31,8233934,10828
2021-10-31,8241952,8018
2021-10-31,8252181,10229
2021-11-01,8268591,16410
2021-11-01,8279307,10716
2021-11-01,8287535,8228
2021-11-01,8299142,11607
2021-11-01,8309045,9903
2021-11-01,8322639,13594
2021-11-01,8589367,266728
2021-11-01,8604904,15537
2021-11-01,8613155,8251
2021-11-01,8622086,8931
2021-11-01,8629520,7434
2021-11-01,8636058,6538
2021-11-01,8643515,7457
2021-11-01,8651098,7583
2021-11-01,8660251,9153
2021-11-01,8664924,4673
2021-11-01,8669030,4106
2021-11-01,8674212,5182
2021-11-01,8828532,154320
2021-11-01,8834129,5597
2021-11-01,8840139,6010
2021-11-01,8846281,6142
2021-11-01,8855506,9225
2021-11-01,8862936,7430
2021-11-01,8883120,20184
2021-11-01,8894920,11800
2021-11-01,8903172,8252
2021-11-01,8913015,9843
2021-11-01,8923904,10889
2021-11-01,8933372,9468
2021-11-01,8948472,15100
2021-11-01,8973456,24984
2021-11-01,8992496,19040
2021-11-01,9001527,9031
2021-11-01,10211602,1210075
2021-11-01,10227403,15801
2021-11-01,10242004,14601
2021-11-01,10252251,10247
2021-11-01,10263262,11011
2021-11-01,10272933,9671
2021-11-01,10282691,9758
2021-11-01,10291644,8953
2021-11-01,10303483,11839
2021-11-01,10311922,8439
2021-11-01,10323805,11883
2021-11-01,10347187,23382
2021-11-01,10355896,8709
2021-11-01,10366208,10312
2021-11-02,10373693,7485
2021-11-02,10385658,11965
2021-11-02,10394462,8804
2021-11-02,10414009,19547
2021-11-02,10423498,9489
2021-11-02,10434202,10704
2021-11-02,10444873,10671
2021-11-02,10453500,8627
2021-11-02,10460820,7320
2021-11-02,10468158,7338
2021-11-02,10475995,7837
2021-11-02,10485965,9970
2021-11-02,10491813,5848
2021-11-02,10507346,15533
2021-11-02,10510894,3548
2021-11-02,10515404,4510
2021-11-02,10521563,6159
2021-11-02,10528123,6560
2021-11-02,10532092,3969
2021-11-02,10536233,4141
2021-11-02,10540902,4669
2021-11-02,10545353,4451
2021-11-02,10551142,5789
2021-11-02,10555525,4383
2021-11-02,10560143,4618
2021-11-02,10566892,6749
2021-11-02,10573141,6249
2021-11-02,10608606,35465
2021-11-02,10615647,7041
2021-11-02,10623622,7975
2021-11-02,10630967,7345
2021-11-02,10639087,8120
2021-11-02,10646944,7857
2021-11-02,10654196,7252
2021-11-02,10674387,20191
2021-11-02,10684270,9883
2021-11-02,10765878,81608
2021-11-02,10776667,10789
2021-11-02,10787049,10382
2021-11-02,10795999,8950
2021-11-02,10806697,10698
2021-11-02,10821007,14310
2021-11-02,10837810,16803
2021-11-02,10845281,7471
2021-11-02,10851485,6204
2021-11-02,10857153,5668
2021-11-02,10864358,7205
2021-11-02,10870083,5725
2021-11-03,10878125,8042
2021-11-03,10886970,8845
2021-11-03,10952990,66020
2021-11-03,10961888,8898
2021-11-03,10973272,11384
2021-11-03,11211710,238438
2021-11-03,11720192,508482
2021-11-03,11726912,6720
2021-11-03,11737495,10583
2021-11-03,11743915,6420
2021-11-03,11748894,4979
2021-11-03,11753636,4742
2021-11-03,11757264,3628
2021-11-03,11760699,3435
2021-11-03,11763773,3074
2021-11-03,11766902,3129
2021-11-03,11769181,2279
2021-11-03,11772743,3562
2021-11-03,11775188,2445
2021-11-03,11778314,3126
2021-11-03,11781788,3474
2021-11-03,11785109,3321
2021-11-03,11787236,2127
2021-11-03,11791105,3869
2021-11-03,11799949,8844
2021-11-03,11807721,7772
2021-11-03,11812864,5143
2021-11-03,11817517,4653
2021-11-03,11823031,5514
2021-11-03,11830394,7363
2021-11-03,11836326,5932
2021-11-03,11850636,14310
2021-11-03,11856704,6068
2021-11-03,12093954,237250
2021-11-03,12132316,38362
2021-11-03,12137722,5406
2021-11-03,12142738,5016
2021-11-03,12150388,7650
2021-11-03,12158760,8372
2021-11-03,12167669,8909
2021-11-03,12173052,5383
2021-11-03,12181229,8177
2021-11-03,12188317,7088
2021-11-03,12195609,7292
2021-11-03,12200297,4688
2021-11-03,12206706,6409
2021-11-03,12216171,9465
2021-11-03,12231744,15573
2021-11-04,12238172,6428
2021-11-04,12245325,7153
2021-11-04,12256055,10730
2021-11-04,12263779,7724
2021-11-04,12271159,7380
2021-11-04,12279961,8802
2021-11-04,12286672,6711
2021-11-04,12294135,7463
2021-11-04,12349073,54938
2021-11-04,12354531,5458
2021-11-04,12359887,5356
2021-11-04,12362538,2651
2021-11-04,12364485,1947
2021-11-04,12368318,3833
2021-11-04,12371069,2751
2021-11-04,12373644,2575
2021-11-04,12377299,3655
2021-11-04,12379300,2001
2021-11-04,12382896,3596
2021-11-04,12386775,3879
2021-11-04,12392900,6125
2021-11-04,12395278,2378
2021-11-04,12397583,2305
2021-11-04,12402006,4423
2021-11-04,12404907,2901
2021-11-04,12408169,3262
2021-11-04,12411437,3268
2021-11-04,12414832,3395
2021-11-04,12419907,5075
2021-11-04,12428768,8861
2021-11-04,12432881,4113
2021-11-04,12435821,2940
2021-11-04,12440332,4511
2021-11-04,12444849,4517
2021-11-04,12448880,4031
2021-11-04,12563148,114268
2021-11-04,12567303,4155
2021-11-04,12572329,5026
2021-11-04,12577549,5220
2021-11-04,12582089,4540
2021-11-04,12585442,3353
2021-11-04,12590172,4730
2021-11-04,12608260,18088
2021-11-04,12613689,5429
2021-11-04,12619589,5900
2021-11-04,12625289,5700
2021-11-04,12629927,4638
2021-11-04,12635062,5135
2021-11-05,12639690,4628
2021-11-05,12644763,5073
2021-11-05,12649824,5061
2021-11-05,12663493,13669
2021-11-05,12718629,55136
2021-11-05,12722680,4051
2021-11-05,12729625,6945
2021-11-05,12734892,5267
2021-11-05,12739404,4512
2021-11-05,12742926,3522
2021-11-05,12746762,3836
2021-11-05,12751198,4436
2021-11-05,12757616,6418
2021-11-05,12764052,6436
2021-11-05,12766688,2636
2021-11-05,12769168,2480
2021-11-05,12771530,2362
2021-11-05,12773036,1506
2021-11-05,12775055,2019
2021-11-05,12777710,2655
2021-11-05,12779419,1709
2021-11-05,12782380,2961
2021-11-05,12784124,1744
2021-11-05,12787108,2984
2021-11-05,12789379,2271
2021-11-05,12791783,2404
2021-11-05,12794947,3164
2021-11-05,12798011,3064
2021-11-05,12802084,4073
2021-11-05,12806563,4479
2021-11-05,12810432,3869
2021-11-05,12851475,41043
2021-11-05,12855522,4047
2021-11-05,12859045,3523
2021-11-05,12863824,4779
2021-11-05,12869763,5939
2021-11-05,12873688,3925
2021-11-05,12877903,4215
2021-11-05,12883760,5857
2021-11-05,12888022,4262
2021-11-05,12890984,2962
2021-11-05,12895926,4942
2021-11-05,12901790,5864
2021-11-05,12919597,17807
2021-11-05,12923772,4175
2021-11-05,12928233,4461
2021-11-05,12932563,4330
2021-11-05,12937115,4552
2021-11-06,12942001,4886
2021-11-06,12946952,4951
2021-11-06,12951809,4857
2021-11-06,12955369,3560
2021-11-06,12959410,4041
2021-11-06,12964860,5450
2021-11-06,12969193,4333
2021-11-06,12973357,4164
2021-11-06,12975535,2178
2021-11-06,12979238,3703
2021-11-06,12983508,4270
2021-11-06,12985596,2088
2021-11-06,12987892,2296
2021-11-06,12990940,3048
2021-11-06,12991869,929
2021-11-06,12992967,1098
2021-11-06,12994483,1516
2021-11-06,12995934,1451
2021-11-06,12999221,3287
2021-11-06,13001057,1836
2021-11-06,13003216,2159
2021-11-06,13005251,2035
2021-11-06,13006926,1675
2021-11-06,13008861,1935
2021-11-06,13011325,2464
2021-11-06,13013608,2283
2021-11-06,13015391,1783
2021-11-06,13020135,4744
2021-11-06,13022853,2718
2021-11-06,13026296,3443
2021-11-06,13031006,4710
2021-11-06,13033855,2849
2021-11-06,13037415,3560
2021-11-06,13041211,3796
2021-11-06,13045250,4039
2021-11-06,13052239,6989
2021-11-06,13056736,4497
2021-11-06,13060721,3985
2021-11-06,13064895,4174
2021-11-06,13420568,355673
2021-11-06,13423161,2593
2021-11-06,13427138,3977
2021-11-06,13430525,3387
2021-11-06,13435459,4934
2021-11-06,13439711,4252
2021-11-06,13444711,5000
2021-11-06,13447823,3112
2021-11-06,13451516,3693
2021-11-07,13454220,2704
2021-11-07,13473734,19514
2021-11-07,13479809,6075
2021-11-07,13483273,3464
2021-11-07,13486282,3009
2021-11-07,13490077,3795
2021-11-07,13494713,4636
2021-11-07,13497747,3034
2021-11-07,13506129,8382
2021-11-07,13508092,1963
2021-11-07,13509721,1629
2021-11-07,13516423,6702
2021-11-07,13518278,1855
2021-11-07,13519333,1055
2021-11-07,13520673,1340
2021-11-07,13521735,1062
2021-11-07,13523962,2227
2021-11-07,13524667,705
2021-11-07,13525357,690
2021-11-07,13526566,1209
2021-11-07,13528326,1760
2021-11-07,13530838,2512
2021-11-07,13533045,2207
2021-11-07,13534629,1584
2021-11-07,13536424,1795
2021-11-07,13538642,2218
2021-11-07,13541065,2423
2021-11-07,13544388,3323
2021-11-07,13546447,2059
2021-11-07,13548712,2265
2021-11-07,13551482,2770
2021-11-07,13554743,3261
2021-11-07,13557487,2744
2021-11-07,13563367,5880
2021-11-07,13568474,5107
2021-11-07,13573849,5375
2021-11-07,13578570,4721
2021-11-07,13581761,3191
2021-11-07,13586238,4477
2021-11-07,13591757,5519
2021-11-07,13599120,7363
2021-11-07,13605192,6072
2021-11-07,13611360,6168
2021-11-07,13617713,6353
2021-11-07,13623722,6009
2021-11-07,13629145,5423
2021-11-07,13634505,5360
2021-11-07,13637842,3337
2021-11-08,13644286,6444
2021-11-08,13648997,4711
2021-11-08,13652948,3951
2021-11-08,13656216,3268
2021-11-08,13662365,6149
2021-11-08,13670117,7752
2021-11-08,13674817,4700
2021-11-08,13678757,3940
2021-11-08,13692984,14227
2021-11-08,13695669,2685
2021-11-08,13697943,2274
2021-11-08,13699738,1795
2021-11-08,13701610,1872
2021-11-08,13703140,1530
2021-11-08,13705015,1875
2021-11-08,13706024,1009
2021-11-08,13707251,1227
2021-11-08,13708682,1431
2021-11-08,13719628,10946
2021-11-08,13730684,11056
2021-11-08,13732016,1332
2021-11-08,13732997,981
2021-11-08,13734240,1243
2021-11-08,13735207,967
2021-11-08,13737042,1835
2021-11-08,13738147,1105
2021-11-08,13740180,2033
2021-11-08,13741771,1591
2021-11-08,13743296,1525
2021-11-08,13745240,1944
2021-11-08,13747637,2397
2021-11-08,13749654,2017
2021-11-08,13753023,3369
2021-11-08,13755992,2969
2021-11-08,13757954,1962
2021-11-08,13761328,3374
2021-11-08,13762975,1647
2021-11-08,13764710,1735
2021-11-08,13766635,1925
2021-11-08,13770383,3748
2021-11-08,13772363,1980
2021-11-08,13775680,3317
2021-11-08,13777746,2066
2021-11-08,13779778,2032
2021-11-08,13783319,3541
2021-11-08,13787426,4107
2021-11-08,13789461,2035
2021-11-08,13791226,1765
2021-11-09,13793234,2008
2021-11-09,13796390,3156
2021-11-09,13801047,4657
2021-11-09,13803413,2366
2021-11-09,13805701,2288
2021-11-09,13808181,2480
2021-11-09,13812280,4099
2021-11-09,13814269,1989
2021-11-09,13816646,2377
2021-11-09,13818756,2110
2021-11-09,13821730,2974
2021-11-09,13823038,1308
2021-11-09,13824558,1520
2021-11-09,13825509,951
2021-11-09,13831223,5714
2021-11-09,13832342,1119
2021-11-09,13833091,749
2021-11-09,13834063,972
2021-11-09,13835047,984
2021-11-09,13835947,900
2021-11-09,13837238,1291
2021-11-09,13838276,1038
2021-11-09,13839049,773
2021-11-09,13839539,490
2021-11-09,13841663,2124
2021-11-09,13849378,7715
2021-11-09,13850026,648
2021-11-09,13853445,3419
2021-11-09,13854309,864
2021-11-09,13858073,3764
2021-11-09,13859035,962
2021-11-09,13860724,1689
2021-11-09,13862554,1830
2021-11-09,13864856,2302
2021-11-09,13868645,3789
2021-11-09,13870619,1974
2021-11-09,13873519,2900
2021-11-09,13877156,3637
2021-11-09,13879097,1941
2021-11-09,13880971,1874
2021-11-09,13883320,2349
2021-11-09,13884467,1147
2021-11-09,13887365,2898
2021-11-09,13889073,1708
2021-11-09,13890767,1694
2021-11-09,13892347,1580
2021-11-09,13894448,2101
2021-11-09,13895606,1158
2021-11-10,13898293,2687
2021-11-10,13900201,1908
2021-11-10,13901816,1615
2021-11-10,13929431,27615
2021-11-10,13931705,2274
2021-11-10,13933603,1898
2021-11-10,13937192,3589
2021-11-10,13939853,2661
2021-11-10,13942087,2234
2021-11-10,13943207,1120
2021-11-10,13944580,1373
2021-11-10,13947188,2608
2021-11-10,13948498,1310
2021-11-10,13950239,1741
2021-11-10,13951268,1029
2021-11-10,13952137,869
2021-11-10,13952791,654
2021-11-10,13953182,391
2021-11-10,13954785,1603
2021-11-10,13955261,476
2021-11-10,13955883,622
2021-11-10,13956952,1069
2021-11-10,13957586,634
2021-11-10,13958127,541
2021-11-10,13959012,885
2021-11-10,13959718,706
2021-11-10,13960152,434
2021-11-10,13961020,868
2021-11-10,13961892,872
2021-11-10,13962475,583
2021-11-10,13963274,799
2021-11-10,13964455,1181
2021-11-10,13965979,1524
2021-11-10,13967388,1409
2021-11-10,13968312,924
2021-11-10,13969657,1345
2021-11-10,13970731,1074
2021-11-10,14267220,296489
2021-11-10,14268836,1616
2021-11-10,14271342,2506
2021-11-10,14272764,1422
2021-11-10,14274034,1270
2021-11-10,14276166,2132
2021-11-10,14277346,1180
2021-11-10,14290021,12675
2021-11-10,14363289,73268
2021-11-10,14364792,1503
2021-11-10,14369775,4983
2021-11-11,14371309,1534
2021-11-11,14373156,1847
2021-11-11,14374147,991
2021-11-11,14375538,1391
2021-11-11,14377148,1610
2021-11-11,14379259,2111
2021-11-11,14381538,2279
2021-11-11,14383240,1702
2021-11-11,14385339,2099
2021-11-11,14386376,1037
2021-11-11,14387418,1042
2021-11-11,14388936,1518
2021-11-11,14390022,1086
2021-11-11,14390824,802
2021-11-11,14391424,600
2021-11-11,14392070,646
2021-11-11,14392760,690
2021-11-11,14394016,1256
2021-11-11,14394562,546
2021-11-11,14395132,570
2021-11-11,14395378,246
2021-11-11,14396070,692
2021-11-11,14396464,394
2021-11-11,14396794,330
2021-11-11,14397259,465
2021-11-11,14398033,774
2021-11-11,14398905,872
2021-11-11,14399386,481
2021-11-11,14400527,1141
2021-11-11,14401141,614
2021-11-11,14402290,1149
2021-11-11,14403595,1305
2021-11-11,14404345,750
2021-11-11,14405262,917
2021-11-11,14407179,1917
2021-11-11,14408666,1487
2021-11-11,14410221,1555
2021-11-11,14411752,1531
2021-11-11,14416014,4262
2021-11-11,14417195,1181
2021-11-11,14418728,1533
2021-11-11,14420229,1501
2021-11-11,14422656,2427
2021-11-11,14424095,1439
2021-11-11,14425456,1361
2021-11-11,14426747,1291
2021-11-11,14428076,1329
2021-11-11,14429754,1678
2021-11-12,14430875,1121
2021-11-12,14431815,940
2021-11-12,14433635,1820
2021-11-12,14434737,1102
2021-11-12,14436702,1965
2021-11-12,14437958,1256
2021-11-12,14440280,2322
2021-11-12,14442432,2152
2021-11-12,14444900,2468
2021-11-12,14446298,1398
2021-11-12,14447066,768
2021-11-12,14448328,1262
2021-11-12,14449284,956
2021-11-12,14449731,447
2021-11-12,14450426,695
2021-11-12,14450668,242
2021-11-12,14450946,278
2021-11-12,14451247,301
2021-11-12,14451520,273
2021-11-12,14452203,683
2021-11-12,14453068,865
2021-11-12,14453273,205
2021-11-12,14453640,367
2021-11-12,14454057,417
2021-11-12,14454323,266
2021-11-12,14454725,402
2021-11-12,14455984,1259
2021-11-12,14456642,658
2021-11-12,14457106,464
2021-11-12,14457711,605
2021-11-12,14458400,689
2021-11-12,14459544,1144
2021-11-12,14460461,917
2021-11-12,14461730,1269
2021-11-12,14462370,640
2021-11-12,14463431,1061
2021-11-12,14464900,1469
2021-11-12,14465988,1088
2021-11-12,14467459,1471
2021-11-12,14468711,1252
2021-11-12,14470397,1686
2021-11-12,14480929,10532
2021-11-12,14492408,11479
2021-11-12,15493810,1001402
2021-11-12,15495811,2001
2021-11-12,15498341,2530
2021-11-12,15499348,1007
2021-11-12,15500735,1387
2021-11-13,15501791,1056
2021-11-13,15502884,1093
2021-11-13,15505159,2275
2021-11-13,15506366,1207
2021-11-13,15508079,1713
2021-11-13,15509459,1380
2021-11-13,15510593,1134
2021-11-13,15511396,803
2021-11-13,15512909,1513
2021-11-13,15515173,2264
2021-11-13,15516880,1707
2021-11-13,15517614,734
2021-11-13,15518446,832
2021-11-13,15518995,549
2021-11-13,15520610,1615
2021-11-13,15521085,475
2021-11-13,15521226,141
2021-11-13,15521824,598
2021-11-13,15522397,573
2021-11-13,15522866,469
2021-11-13,15523394,528
2021-11-13,15525206,1812
2021-11-13,15526069,863
2021-11-13,15526586,517
2021-11-13,15527220,634
2021-11-13,15528131,911
2021-11-13,15528969,838
2021-11-13,15529930,961
2021-11-13,15533469,3539
2021-11-13,15534112,643
2021-11-13,15535125,1013
2021-11-13,15535917,792
2021-11-13,15538228,2311
2021-11-13,15540240,2012
2021-11-13,15541443,1203
2021-11-13,15543683,2240
2021-11-13,15545186,1503
2021-11-13,15546610,1424
2021-11-13,15549153,2543
2021-11-13,15551079,1926
2021-11-13,15555269,4190
2021-11-13,15556870,1601
2021-11-13,15559024,2154
2021-11-13,15560541,1517
2021-11-13,15561696,1155
2021-11-13,15564181,2485
2021-11-13,15565371,1190
2021-11-13,15566374,1003
2021-11-14,15567012,638
2021-11-14,15569350,2338
2021-11-14,15570173,823
2021-11-14,15571593,1420
2021-11-14,15572733,1140
2021-11-14,15573854,1121
2021-11-14,15574608,754
2021-11-14,15575442,834
2021-11-14,15578197,2755
2021-11-14,15579044,847
2021-11-14,15579903,859
2021-11-14,15580579,676
2021-11-14,15581186,607
2021-11-14,15584075,2889
2021-11-14,15584962,887
2021-11-14,15585652,690
2021-11-14,15587053,1401
2021-11-14,15587854,801
2021-11-14,15588183,329
2021-11-14,15588792,609
2021-11-14,15589366,574
2021-11-14,15589915,549
2021-11-14,15591489,1574
2021-11-14,15592786,1297
2021-11-14,15593436,650
2021-11-14,15594478,1042
2021-11-14,15594795,317
2021-11-14,15595375,580
2021-11-14,15595885,510
2021-11-14,15596778,893
2021-11-14,15597723,945
2021-11-14,15598908,1185
2021-11-14,15601609,2701
2021-11-14,15602684,1075
2021-11-14,15603564,880
2021-11-14,15604873,1309
2021-11-14,15606031,1158
2021-11-14,15607054,1023
2021-11-14,15608477,1423
2021-11-14,15609713,1236
2021-11-14,15613660,3947
2021-11-14,15615271,1611
2021-11-14,15616939,1668
2021-11-14,15619416,2477
2021-11-14,15620569,1153
2021-11-14,15622330,1761
2021-11-14,15623712,1382
2021-11-14,15625572,1860
2021-11-15,15626966,1394
2021-11-15,15628304,1338
2021-11-15,15629561,1257
2021-11-15,15630935,1374
2021-11-15,15632536,1601
2021-11-15,15634606,2070
2021-11-15,15639365,4759
2021-11-15,15640717,1352
2021-11-15,15642322,1605
2021-11-15,15645160,2838
2021-11-15,15646385,1225
2021-11-15,15647089,704
2021-11-15,15647974,885
2021-11-15,15648837,863
2021-11-15,15649077,240
2021-11-15,15649384,307
2021-11-15,15650160,776
2021-11-15,15650453,293
2021-11-15,15651131,678
2021-11-15,15651296,165
2021-11-15,15651915,619
2021-11-15,15652320,405
2021-11-15,15652848,528
2021-11-15,15653365,517
2021-11-15,15653765,400
2021-11-15,15654033,268
2021-11-15,15654863,830
2021-11-15,15655257,394
2021-11-15,15656035,778
2021-11-15,15657145,1110
2021-11-15,15658087,942
2021-11-15,15658452,365
2021-11-15,15659432,980
2021-11-15,15660146,714
2021-11-15,15660882,736
2021-11-15,15661833,951
2021-11-15,15662795,962
2021-11-15,15668748,5953
2021-11-15,15669369,621
2021-11-15,15669961,592
2021-11-15,15670751,790
2021-11-15,15672124,1373
2021-11-15,15672577,453
2021-11-15,15673076,499
2021-11-15,15674154,1078
2021-11-15,15679456,5302
2021-11-15,15680384,928
2021-11-15,15680981,597
2021-11-16,15681657,676
2021-11-16,15682647,990
2021-11-16,15684355,1708
2021-11-16,15685319,964
2021-11-16,15727294,41975
2021-11-16,15728566,1272
2021-11-16,15729799,1233
2021-11-16,15731211,1412
2021-11-16,15734298,3087
2021-11-16,15735320,1022
2021-11-16,15736368,1048
2021-11-16,15736748,380
2021-11-16,15737330,582
2021-11-16,15738564,1234
2021-11-16,15740916,2352
2021-11-16,15741300,384
2021-11-16,15741523,223
2021-11-16,15741886,363
2021-11-16,15742110,224
2021-11-16,15742526,416
2021-11-16,15742783,257
2021-11-16,15743180,397
2021-11-16,15743285,105
2021-11-16,15743409,124
2021-11-16,15744157,748
2021-11-16,15744307,150
2021-11-16,15744979,672
2021-11-16,15745260,281
2021-11-16,15745666,406
2021-11-16,15745839,173
2021-11-16,15746513,674
2021-11-16,15775163,28650
2021-11-16,15775626,463
2021-11-16,15776530,904
2021-11-16,15777028,498
2021-11-16,15777533,505
2021-11-16,15865015,87482
2021-11-16,15865673,658
2021-11-16,15866037,364
2021-11-16,15866897,860
2021-11-16,15867501,604
2021-11-16,15867975,474
2021-11-16,15868738,763
2021-11-16,15870275,1537
2021-11-16,15872197,1922
2021-11-16,15874017,1820
2021-11-16,15876102,2085
2021-11-16,15878139,2037
2021-11-17,15879543,1404
2021-11-17,15881623,2080
2021-11-17,15883193,1570
2021-11-17,15884612,1419
2021-11-17,15886423,1811
2021-11-17,15888165,1742
2021-11-17,15888829,664
2021-11-17,15890056,1227
2021-11-17,15891495,1439
2021-11-17,15892159,664
2021-11-17,15893548,1389
2021-11-17,15894986,1438
2021-11-17,15895797,811
2021-11-17,15897674,1877
2021-11-17,15898831,1157
2021-11-17,15900110,1279
2021-11-17,15901373,1263
2021-11-17,15901694,321
2021-11-17,15901961,267
2021-11-17,15902365,404
2021-11-17,15902694,329
2021-11-17,15903511,817
2021-11-17,15903788,277
2021-11-17,15904301,513
2021-11-17,15904654,353
2021-11-17,15905933,1279
2021-11-17,15906477,544
2021-11-17,15906977,500
2021-11-17,15907530,553
2021-11-17,15907986,456
2021-11-17,15908737,751
2021-11-17,15909408,671
2021-11-17,15910009,601
2021-11-17,15910604,595
2021-11-17,15911833,1229
2021-11-17,15912448,615
2021-11-17,15913604,1156
2021-11-17,15914253,649
2021-11-17,15914929,676
2021-11-17,15915923,994
2021-11-17,15916924,1001
2021-11-17,15917635,711
2021-11-17,15918365,730
2021-11-17,15919000,635
2021-11-17,15920490,1490
2021-11-17,16090667,170177
2021-11-17,16094482,3815
2021-11-17,16105229,10747
2021-11-18,16105947,718
2021-11-18,16106398,451
2021-11-18,16106911,513
2021-11-18,16107833,922
2021-11-18,16108541,708
2021-11-18,16109100,559
2021-11-18,16110200,1100
2021-11-18,16111322,1122
2021-11-18,16112120,798
2021-11-18,16119039,6919
2021-11-18,16120015,976
2021-11-18,16120427,412
2021-11-18,16121785,1358
2021-11-18,16122366,581
2021-11-18,16122789,423
2021-11-18,16123021,232
2021-11-18,16123123,102
2021-11-18,16123330,207
2021-11-18,16123735,405
2021-11-18,16124217,482
2021-11-18,16125126,909
2021-11-18,16125532,406
2021-11-18,16125856,324
2021-11-18,16126177,321
2021-11-18,16126300,123
2021-11-18,16126510,210
2021-11-18,16126926,416
2021-11-18,16127470,544
2021-11-18,16128346,876
2021-11-18,16128748,402
2021-11-18,16129196,448
2021-11-18,16129956,760
2021-11-18,16130691,735
2021-11-18,16131368,677
2021-11-18,16133006,1638
2021-11-18,16133650,644
2021-11-18,16134392,742
2021-11-18,16135193,801
2021-11-18,16135778,585
2021-11-18,16137344,1566
2021-11-18,16138019,675
2021-11-18,16138579,560
2021-11-18,16139561,982
2021-11-18,16140602,1041
2021-11-18,16141290,688
2021-11-18,16143345,2055
2021-11-18,16143998,653
2021-11-18,16145439,1441
2021-11-19,16146220,781
2021-11-19,16149433,3213
2021-11-19,16150033,600
2021-11-19,16150584,551
2021-11-19,16154190,3606
2021-11-19,16154770,580
2021-11-19,16156098,1328
2021-11-19,16157202,1104
2021-11-19,16158917,1715
2021-11-19,16159511,594
2021-11-19,16160215,704
2021-11-19,16161459,1244
2021-11-19,16161955,496
2021-11-19,16162249,294
2021-11-19,16163114,865
2021-11-19,16163712,598
2021-11-19,16174095,10383
2021-11-19,16174391,296
2021-11-19,16174995,604
2021-11-19,16175163,168
2021-11-19,16175321,158
2021-11-19,16175616,295
2021-11-19,16176305,689
2021-11-19,16176776,471
2021-11-19,16177112,336
2021-11-19,16177658,546
2021-11-19,16177827,169
2021-11-19,16178334,507
2021-11-19,16179033,699
2021-11-19,16179505,472
2021-11-19,16179915,410
2021-11-19,16180692,777
2021-11-19,16181216,524
2021-11-19,16182993,1777
2021-11-19,16184126,1133
2021-11-19,16185038,912
2021-11-19,16186140,1102
2021-11-19,16186521,381
2021-11-19,16187382,861
2021-11-19,16188246,864
2021-11-19,16188845,599
2021-11-19,16189934,1089
2021-11-19,16190710,776
2021-11-19,16191325,615
2021-11-19,16192265,940
2021-11-19,16192891,626
2021-11-19,16193851,960
2021-11-19,16194570,719
2021-11-20,16195175,605
2021-11-20,16196101,926
2021-11-20,16196623,522
2021-11-20,16197161,538
2021-11-20,16198013,852
2021-11-20,16199546,1533
2021-11-20,16201573,2027
2021-11-20,16202792,1219
2021-11-20,16204997,2205
2021-11-20,16205706,709
2021-11-20,16206494,788
2021-11-20,16206787,293
2021-11-20,16207195,408
2021-11-20,16207810,615
2021-11-20,16207966,156
2021-11-20,16208282,316
2021-11-20,16208583,301
2021-11-20,16209174,591
2021-11-20,16209674,500
2021-11-20,16210061,387
2021-11-20,16210328,267
2021-11-20,16210952,624
2021-11-20,16211263,311
2021-11-20,16211787,524
2021-11-20,16212042,255
2021-11-20,16212310,268
2021-11-20,16212832,522
2021-11-20,16213405,573
2021-11-20,16215715,2310
2021-11-20,16216046,331
2021-11-20,16217058,1012
2021-11-20,16218476,1418
2021-11-20,16219421,945
2021-11-20,16220734,1313
2021-11-20,16221167,433
2021-11-20,16221919,752
2021-11-20,16253022,31103
2021-11-20,16253636,614
2021-11-20,16254727,1091
2021-11-20,16255890,1163
2021-11-20,16257477,1587
2021-11-20,16258388,911
2021-11-20,16259687,1299
2021-11-20,16260396,709
2021-11-20,16261083,687
2021-11-20,16262488,1405
2021-11-20,16263037,549
2021-11-20,16263472,435
2021-11-21,16264239,767
2021-11-21,16265746,1507
2021-11-21,16266944,1198
2021-11-21,16267118,174
2021-11-21,16267661,543
2021-11-21,16268268,607
2021-11-21,16268871,603
2021-11-21,16269890,1019
2021-11-21,16270502,612
2021-11-21,16270864,362
2021-11-21,16271611,747
2021-11-21,16272360,749
2021-11-21,16272983,623
2021-11-21,16273676,693
2021-11-21,16273960,284
2021-11-21,16274256,296
2021-11-21,16274542,286
2021-11-21,16274804,262
2021-11-21,16275104,300
2021-11-21,16275822,718
2021-11-21,16276090,268
2021-11-21,16276322,232
2021-11-21,16276490,168
2021-11-21,16276890,400
2021-11-21,16277026,136
2021-11-21,16277361,335
2021-11-21,16277842,481
2021-11-21,16278448,606
2021-11-21,16278940,492
2021-11-21,16279339,399
2021-11-21,16279747,408
2021-11-21,16280601,854
2021-11-21,16280996,395
2021-11-21,16281529,533
2021-11-21,16282260,731
2021-11-21,16282887,627
2021-11-21,16284283,1396
2021-11-21,16285411,1128
2021-11-21,16285800,389
2021-11-21,16286524,724
2021-11-21,16287530,1006
2021-11-21,16288474,944
2021-11-21,16289110,636
2021-11-21,16292249,3139
2021-11-21,16292894,645
2021-11-21,16293359,465
2021-11-21,16294953,1594
2021-11-21,16296260,1307
2021-11-22,16296785,525
2021-11-22,16297770,985
2021-11-22,16298590,820
2021-11-22,16299667,1077
2021-11-22,16300201,534
2021-11-22,16301231,1030
2021-11-22,16301721,490
2021-11-22,16302704,983
2021-11-22,16303477,773
2021-11-22,16304170,693
2021-11-22,16304601,431
2021-11-22,16305674,1073
2021-11-22,16307009,1335
2021-11-22,16307194,185
2021-11-22,16307285,91
2021-11-22,16307670,385
2021-11-22,16307788,118
2021-11-22,16307900,112
2021-11-22,16308131,231
2021-11-22,16308437,306
2021-11-22,16308588,151
2021-11-22,16308711,123
2021-11-22,16308916,205
2021-11-22,16309032,116
2021-11-22,16309364,332
2021-11-22,16309515,151
2021-11-22,16309793,278
2021-11-22,16317371,7578
2021-11-22,16317537,166
2021-11-22,16317809,272
2021-11-22,16318217,408
2021-11-22,16318373,156
2021-11-22,16318627,254
2021-11-22,16318937,310
2021-11-22,16319826,889
2021-11-22,16320350,524
2021-11-22,16320699,349
2021-11-22,16321197,498
2021-11-22,16325214,4017
2021-11-22,16326056,842
2021-11-22,16327240,1184
2021-11-22,16328026,786
2021-11-22,16328658,632
2021-11-22,16329569,911
2021-11-22,16330394,825
2021-11-22,16331443,1049
2021-11-22,16332388,945
2021-11-22,16333089,701
2021-11-23,16333570,481
2021-11-23,16334879,1309
2021-11-23,16336339,1460
2021-11-23,16337510,1171
2021-11-23,16338348,838
2021-11-23,16338905,557
2021-11-23,16339781,876
2021-11-23,16340260,479
2021-11-23,16341016,756
2021-11-23,16341789,773
2021-11-23,16342357,568
2021-11-23,16342693,336
2021-11-23,16344006,1313
2021-11-23,16344226,220
2021-11-23,16344667,441
2021-11-23,16345297,630
2021-11-23,16345696,399
2021-11-23,16345865,169
2021-11-23,16348543,2678
2021-11-23,16348930,387
2021-11-23,16349142,212
2021-11-23,16349361,219
2021-11-23,16350613,1252
2021-11-23,16351692,1079
2021-11-23,16351751,59
2021-11-23,16352180,429
2021-11-23,16352453,273
2021-11-23,16352965,512
2021-11-23,16353262,297
2021-11-23,16353553,291
2021-11-23,16353705,152
2021-11-23,16354094,389
2021-11-23,16354964,870
2021-11-23,16355224,260
2021-11-23,16355604,380
2021-11-23,16356275,671
2021-11-23,16357478,1203
2021-11-23,16358107,629
2021-11-23,16362263,4156
2021-11-23,16362714,451
2021-11-23,16363662,948
2021-11-23,16364481,819
2021-11-23,16379885,15404
2021-11-23,16381714,1829
2021-11-23,16382479,765
2021-11-23,16383001,522
2021-11-23,16383483,482
2021-11-23,16384144,661
2021-11-24,16384530,386
2021-11-24,16384765,235
2021-11-24,16385157,392
2021-11-24,16385497,340
2021-11-24,16386065,568
2021-11-24,16386558,493
2021-11-24,16387171,613
2021-11-24,16387427,256
2021-11-24,16389156,1729
2021-11-24,16389989,833
2021-11-24,16390285,296
2021-11-24,16390686,401
2021-11-24,16391744,1058
2021-11-24,16392029,285
2021-11-24,16392214,185
2021-11-24,16392378,164
2021-11-24,16392541,163
2021-11-24,16392682,141
2021-11-24,16392812,130
2021-11-24,16393443,631
2021-11-24,16393725,282
2021-11-24,16393875,150
2021-11-24,16394006,131
2021-11-24,16394126,120
2021-11-24,16394188,62
2021-11-24,16394413,225
2021-11-24,16395159,746
2021-11-24,16395352,193
2021-11-24,16396229,877
2021-11-24,16396471,242
2021-11-24,16397178,707
2021-11-24,16397539,361
2021-11-24,16398423,884
2021-11-24,16399362,939
2021-11-24,16400052,690
2021-11-24,16402439,2387
2021-11-24,16402796,357
2021-11-24,16432003,29207
2021-11-24,16433282,1279
2021-11-24,16433724,442
2021-11-24,16433865,141
2021-11-24,16455080,21215
2021-11-24,16455441,361
2021-11-24,16456949,1508
2021-11-24,16457682,733
2021-11-24,16458365,683
2021-11-24,16459227,862
2021-11-24,16459873,646
2021-11-25,16460822,949
2021-11-25,16461471,649
2021-11-25,16462271,800
2021-11-25,16462823,552
2021-11-25,16464419,1596
2021-11-25,16465118,699
2021-11-25,16465645,527
2021-11-25,16466595,950
2021-11-25,16468036,1441
2021-11-25,16468727,691
2021-11-25,16469262,535
2021-11-25,16469620,358
2021-11-25,16469934,314
2021-11-25,16470362,428
2021-11-25,16470744,382
2021-11-25,16471647,903
2021-11-25,16472053,406
2021-11-25,16472407,354
2021-11-25,16472772,365
2021-11-25,16472923,151
2021-11-25,16473071,148
2021-11-25,16473249,178
2021-11-25,16473501,252
2021-11-25,16474172,671
2021-11-25,16474469,297
2021-11-25,16474972,503
2021-11-25,16475313,341
2021-11-25,16475743,430
2021-11-25,16476046,303
2021-11-25,16476275,229
2021-11-25,16476823,548
2021-11-25,16477592,769
2021-11-25,16478643,1051
2021-11-25,16479461,818
2021-11-25,16480191,730
2021-11-25,16480963,772
2021-11-25,16481668,705
2021-11-25,16482874,1206
2021-11-25,16483842,968
2021-11-25,16484510,668
2021-11-25,16485270,760
2021-11-25,16488531,3261
2021-11-25,16489611,1080
2021-11-25,16490561,950
2021-11-25,16491285,724
2021-11-25,16492566,1281
2021-11-25,16493789,1223
2021-11-25,16495192,1403
2021-11-26,16496017,825
2021-11-26,16496674,657
2021-11-26,16497141,467
2021-11-26,16497811,670
2021-11-26,16498522,711
2021-11-26,16499166,644
2021-11-26,16500108,942
2021-11-26,16500961,853
2021-11-26,16501455,494
2021-11-26,16504094,2639
2021-11-26,16504639,545
2021-11-26,16504910,271
2021-11-26,16505325,415
2021-11-26,16505673,348
2021-11-26,16506065,392
2021-11-26,16506366,301
2021-11-26,16506797,431
2021-11-26,16507229,432
2021-11-26,16507535,306
2021-11-26,16507769,234
2021-11-26,16508067,298
2021-11-26,16508326,259
2021-11-26,16508408,82
2021-11-26,16508543,135
2021-11-26,16508882,339
2021-11-26,16509165,283
2021-11-26,16509225,60
2021-11-26,16509469,244
2021-11-26,16510078,609
2021-11-26,16510620,542
2021-11-26,16511112,492
2021-11-26,16511356,244
2021-11-26,16511942,586
2021-11-26,16512448,506
2021-11-26,16513623,1175
2021-11-26,16515917,2294
2021-11-26,16516958,1041
2021-11-26,16518069,1111
2021-11-26,16519467,1398
2021-11-26,16520164,697
2021-11-26,16527223,7059
2021-11-26,16527931,708
2021-11-26,16529792,1861
2021-11-26,16530398,606
2021-11-26,16531428,1030
2021-11-26,16532401,973
2021-11-26,16532957,556
2021-11-26,16533565,608
2021-11-27,16535451,1886
2021-11-27,16536510,1059
2021-11-27,16537650,1140
2021-11-27,16538239,589
2021-11-27,16538933,694
2021-11-27,16539730,797
2021-11-27,16540250,520
2021-11-27,16541243,993
2021-11-27,16542144,901
2021-11-27,16542551,407
2021-11-27,16543069,518
2021-11-27,16544296,1227
2021-11-27,16545050,754
2021-11-27,16545320,270
2021-11-27,16545832,512
2021-11-27,16546010,178
2021-11-27,16546130,120
2021-11-27,16546461,331
2021-11-27,16546581,120
2021-11-27,16546927,346
2021-11-27,16547325,398
2021-11-27,16547777,452
2021-11-27,16548057,280
2021-11-27,16548899,842
2021-11-27,16549432,533
2021-11-27,16549703,271
2021-11-27,16550431,728
2021-11-27,16550960,529
2021-11-27,16551622,662
2021-11-27,16565602,13980
2021-11-27,16566194,592
2021-11-27,16566860,666
2021-11-27,16567679,819
2021-11-27,16568602,923
2021-11-27,16569693,1091
2021-11-27,16570069,376
2021-11-27,16570775,706
2021-11-27,16571641,866
2021-11-27,16572713,1072
2021-11-27,16573692,979
2021-11-27,16574824,1132
2021-11-27,16575608,784
2021-11-27,16577133,1525
2021-11-27,16578018,885
2021-11-27,16580541,2523
2021-11-27,16581222,681
2021-11-27,16581850,628
2021-11-27,16582599,749
2021-11-28,16583276,677
2021-11-28,16583990,714
2021-11-28,16584308,318
2021-11-28,16585019,711
2021-11-28,16586134,1115
2021-11-28,16586833,699
2021-11-28,16587126,293
2021-11-28,16588374,1248
2021-11-28,16589300,926
2021-11-28,16590718,1418
2021-11-28,16591400,682
2021-11-28,16592042,642
2021-11-28,16592582,540
2021-11-28,16593147,565
2021-11-28,16593939,792
2021-11-28,16594554,615
2021-11-28,16595767,1213
2021-11-28,16596065,298
2021-11-28,16596513,448
2021-11-28,16596945,432
2021-11-28,16597153,208
2021-11-28,16597619,466
2021-11-28,16597963,344
2021-11-28,16598383,420
2021-11-28,16598657,274
2021-11-28,16599158,501
2021-11-28,16599522,364
2021-11-28,16600166,644
2021-11-28,16600564,398
2021-11-28,16601069,505
2021-11-28,16601948,879
2021-11-28,16602800,852
2021-11-28,16603523,723
2021-11-28,16604066,543
2021-11-28,16604756,690
2021-11-28,16605543,787
2021-11-28,16606985,1442
2021-11-28,16607954,969
2021-11-28,16609593,1639
2021-11-28,16613382,3789
2021-11-28,16613998,616
2021-11-28,16615401,1403
2021-11-28,16616462,1061
2021-11-28,16617964,1502
2021-11-28,16619185,1221
2021-11-28,16620200,1015
2021-11-28,16621940,1740
2021-11-28,16623067,1127
2021-11-29,16624732,1665
2021-11-29,16625532,800
2021-11-29,16626593,1061
2021-11-29,16627197,604
2021-11-29,16628785,1588
2021-11-29,16629807,1022
2021-11-29,16630609,802
2021-11-29,16632116,1507
2021-11-29,16632641,525
2021-11-29,16633121,480
2021-11-29,16633930,809
2021-11-29,16634348,418
2021-11-29,16634731,383
2021-11-29,16636186,1455
2021-11-29,16636316,130
2021-11-29,16636729,413
2021-11-29,16636881,152
2021-11-29,16638213,1332
2021-11-29,16638278,65
2021-11-29,16638499,221
2021-11-29,16638826,327
2021-11-29,16639153,327
2021-11-29,16639240,87
2021-11-29,16639550,310
2021-11-29,16639763,213
2021-11-29,16640226,463
2021-11-29,16640612,386
2021-11-29,16640904,292
2021-11-29,16641169,265
2021-11-29,16642072,903
2021-11-29,16642257,185
2021-11-29,16642702,445
2021-11-29,16645671,2969
2021-11-29,16653860,8189
2021-11-29,16654814,954
2021-11-29,16655224,410
2021-11-29,16655761,537
2021-11-29,16656523,762
2021-11-29,16658533,2010
2021-11-29,16665871,7338
2021-11-29,16666676,805
2021-11-29,16667157,481
2021-11-29,16667534,377
2021-11-29,16668359,825
2021-11-29,16669200,841
2021-11-29,16669385,185
2021-11-29,16684763,15378
2021-11-29,16685527,764
2021-11-30,17037055,351528
2021-11-30,17037817,762
2021-11-30,17038524,707
2021-11-30,17039887,1363
2021-11-30,17044548,4661
2021-11-30,17045584,1036
2021-11-30,17047996,2412
2021-11-30,17050466,2470
2021-11-30,17051139,673
2021-11-30,17051601,462
2021-11-30,17052218,617
2021-11-30,17052925,707
2021-11-30,17053255,330
2021-11-30,17053616,361
2021-11-30,17054886,1270
2021-11-30,17055061,175
2021-11-30,17055312,251
2021-11-30,17055372,60
2021-11-30,17056643,1271
2021-11-30,17057349,706
2021-11-30,17057737,388
2021-11-30,17057795,58
2021-11-30,17057916,121
2021-11-30,17058151,235
2021-11-30,17058698,547
2021-11-30,17060393,1695
2021-11-30,17061170,777
2021-11-30,17062748,1578
2021-11-30,17063461,713
2021-11-30,17065065,1604
2021-11-30,17065919,854
2021-11-30,17066793,874
2021-11-30,17069029,2236
2021-11-30,17070591,1562
2021-11-30,17072036,1445
2021-11-30,17072884,848
2021-11-30,17075249,2365
2021-11-30,17077270,2021
2021-11-30,17079658,2388
2021-11-30,17081908,2250
2021-11-30,17083285,1377
2021-11-30,17091815,8530
2021-11-30,17092672,857
2021-11-30,17095895,3223
2021-11-30,17097822,1927
2021-11-30,17100362,2540
2021-11-30,17102697,2335
2021-11-30,17104924,2227
2021-12-01,17108716,3792
2021-12-01,17111446,2730
2021-12-01,17114148,2702
2021-12-01,17116678,2530
2021-12-01,17119431,2753
2021-12-01,17125302,5871
2021-12-01,17129011,3709
2021-12-01,17132651,3640
2021-12-01,17137110,4459
2021-12-01,17139235,2125
2021-12-01,17143306,4071
2021-12-01,17145033,1727
2021-12-01,17146430,1397
2021-12-01,17147102,672
2021-12-01,17148088,986
2021-12-01,17150537,2449
2021-12-01,17150751,214
2021-12-01,17150952,201
2021-12-01,17151143,191
2021-12-01,17151236,93
2021-12-01,17208672,57436
2021-12-01,17209170,498
2021-12-01,17209435,265
2021-12-01,17210251,816
2021-12-01,17210616,365
2021-12-01,17210973,357
2021-12-01,17211245,272
2021-12-01,17211597,352
2021-12-01,17212171,574
2021-12-01,17212534,363
2021-12-01,17213223,689
2021-12-01,17213777,554
2021-12-01,17214142,365
2021-12-01,17214837,695
2021-12-01,17215631,794
2021-12-01,17216354,723
2021-12-01,17217331,977
2021-12-01,17219580,2249
2021-12-01,17245851,26271
2021-12-01,17246473,622
2021-12-01,17308025,61552
2021-12-01,17308784,759
2021-12-01,17309141,357
2021-12-01,17310073,932
2021-12-01,17311338,1265
2021-12-01,17311913,575
2021-12-01,17312390,477
2021-12-01,17312796,406
2021-12-02,17313247,451
2021-12-02,17315781,2534
2021-12-02,17316543,762
2021-12-02,17317618,1075
2021-12-02,17318671,1053
2021-12-02,17329495,10824
2021-12-02,17332472,2977
2021-12-02,17333452,980
2021-12-02,17334505,1053
2021-12-02,17336132,1627
2021-12-02,17336712,580
2021-12-02,17337651,939
2021-12-02,17339427,1776
2021-12-02,17339692,265
2021-12-02,17340739,1047
2021-12-02,17340984,245
2021-12-02,17341164,180
2021-12-02,17341476,312
2021-12-02,17341887,411
2021-12-02,17342037,150
2021-12-02,17342315,278
2021-12-02,17342486,171
2021-12-02,17342590,104
2021-12-02,17342801,211
2021-12-02,17342927,126
2021-12-02,17343115,188
2021-12-02,17343277,162
2021-12-02,17343802,525
2021-12-02,17344009,207
2021-12-02,17344303,294
2021-12-02,17344682,379
2021-12-02,17345133,451
2021-12-02,17345512,379
2021-12-02,17373052,27540
2021-12-02,17399043,25991
2021-12-02,17399420,377
2021-12-02,17400989,1569
2021-12-02,17402937,1948
2021-12-02,17403466,529
2021-12-02,17404067,601
2021-12-02,17404781,714
2021-12-02,17405300,519
2021-12-02,17405746,446
2021-12-02,17408156,2410
2021-12-02,17408601,445
2021-12-02,17410166,1565
2021-12-02,17411758,1592
2021-12-02,17420328,8570
2021-12-03,17421145,817
2021-12-03,17422062,917
2021-12-03,17422875,813
2021-12-03,17423742,867
2021-12-03,17424458,716
2021-12-03,17426166,1708
2021-12-03,17426597,431
2021-12-03,17427288,691
2021-12-03,17427873,585
2021-12-03,17428417,544
2021-12-03,17428823,406
2021-12-03,17429519,696
2021-12-03,17429918,399
2021-12-03,17430337,419
2021-12-03,17431084,747
2021-12-03,17431510,426
2021-12-03,17431815,305
2021-12-03,17431954,139
2021-12-03,17432015,61
2021-12-03,17432209,194
2021-12-03,17432409,200
2021-12-03,17432451,42
2021-12-03,17433043,592
2021-12-03,17433281,238
2021-12-03,17433506,225
2021-12-03,17433839,333
2021-12-03,17433890,51
2021-12-03,17434556,666
2021-12-03,17434671,115
2021-12-03,17435127,456
2021-12-03,17435615,488
2021-12-03,17435999,384
2021-12-03,17437181,1182
2021-12-03,17462646,25465
2021-12-03,17463219,573
2021-12-03,17463962,743
2021-12-03,17464719,757
2021-12-03,17468251,3532
2021-12-03,17469393,1142
2021-12-03,17470352,959
2021-12-03,17470927,575
2021-12-03,17471715,788
2021-12-03,17472814,1099
2021-12-03,17474295,1481
2021-12-03,17474807,512
2021-12-03,17475641,834
2021-12-03,17476264,623
2021-12-03,17476733,469
2021-12-04,17477106,373
2021-12-04,17477805,699
2021-12-04,17478286,481
2021-12-04,17479100,814
2021-12-04,17479725,625
2021-12-04,17480079,354
2021-12-04,17480295,216
2021-12-04,17480827,532
2021-12-04,17482895,2068
2021-12-04,17484370,1475
2021-12-04,17484881,511
2021-12-04,17485177,296
2021-12-04,17485722,545
2021-12-04,17486088,366
2021-12-04,17486417,329
2021-12-04,17486711,294
2021-12-04,17487058,347
2021-12-04,17487323,265
2021-12-04,17487401,78
2021-12-04,17488116,715
2021-12-04,17489437,1321
2021-12-04,17489577,140
2021-12-04,17489863,286
2021-12-04,17490295,432
2021-12-04,17490473,178
2021-12-04,17490830,357
2021-12-04,17491297,467
2021-12-04,17491501,204
2021-12-04,17491901,400
2021-12-04,17492756,855
2021-12-04,17494172,1416
2021-12-04,17494756,584
2021-12-04,17495226,470
2021-12-04,17497118,1892
2021-12-04,17498013,895
2021-12-04,17498558,545
2021-12-04,17500203,1645
2021-12-04,17501274,1071
2021-12-04,17502660,1386
2021-12-04,17503516,856
2021-12-04,17504055,539
2021-12-04,17505303,1248
2021-12-04,17506260,957
2021-12-04,17506927,667
2021-12-04,17507753,826
2021-12-04,17508561,808
2021-12-04,17508879,318
2021-12-04,17509771,892
2021-12-05,17510750,979
2021-12-05,17511950,1200
2021-12-05,17512520,570
2021-12-05,17513684,1164
2021-12-05,17514069,385
2021-12-05,17514682,613
2021-12-05,17515431,749
2021-12-05,17516246,815
2021-12-05,17516678,432
2021-12-05,17516990,312
2021-12-05,17518096,1106
2021-12-05,17518660,564
2021-12-05,17518953,293
2021-12-05,17519048,95
2021-12-05,17519308,260
2021-12-05,17519751,443
2021-12-05,17519946,195
2021-12-05,17520110,164
2021-12-05,17520245,135
2021-12-05,17520432,187
2021-12-05,17520822,390
2021-12-05,17520930,108
2021-12-05,17521244,314
2021-12-05,17521423,179
2021-12-05,17522211,788
2021-12-05,17522690,479
2021-12-05,17523077,387
2021-12-05,17523372,295
2021-12-05,17523962,590
2021-12-05,17524849,887
2021-12-05,17525221,372
2021-12-05,17531042,5821
2021-12-05,17531504,462
2021-12-05,17532463,959
2021-12-05,17533505,1042
2021-12-05,17535093,1588
2021-12-05,17536087,994
2021-12-05,17537062,975
2021-12-05,17538132,1070
2021-12-05,17538999,867
2021-12-05,17539813,814
2021-12-05,17540280,467
2021-12-05,17540854,574
2021-12-05,17541734,880
2021-12-05,17542906,1172
2021-12-05,17543657,751
2021-12-05,17544394,737
2021-12-05,17544884,490
2021-12-06,17545600,716
2021-12-06,17556366,10766
2021-12-06,17557397,1031
2021-12-06,17559941,2544
2021-12-06,17563418,3477
2021-12-06,17564605,1187
2021-12-06,17565476,871
2021-12-06,17566820,1344
2021-12-06,17567321,501
2021-12-06,17568839,1518
2021-12-06,17569615,776
2021-12-06,17570510,895
2021-12-06,17581068,10558
2021-12-06,17581361,293
2021-12-06,17581566,205
2021-12-06,17581823,257
2021-12-06,17581908,85
2021-12-06,17581993,85
2021-12-06,17582626,633
2021-12-06,17582726,100
2021-12-06,17582876,150
2021-12-06,17583062,186
2021-12-06,17583650,588
2021-12-06,17583860,210
2021-12-06,17584205,345
2021-12-06,17584320,115
2021-12-06,17585165,845
2021-12-06,17585251,86
2021-12-06,17585887,636
2021-12-06,17586696,809
2021-12-06,17586932,236
2021-12-06,17587842,910
2021-12-06,17603007,15165
2021-12-06,17603692,685
2021-12-06,17606610,2918
2021-12-06,17607270,660
2021-12-06,17608741,1471
2021-12-06,17610163,1422
2021-12-06,17610478,315
2021-12-06,17611158,680
2021-12-06,17611571,413
2021-12-06,17613103,1532
2021-12-06,17613631,528
2021-12-06,17614282,651
2021-12-06,17615720,1438
2021-12-06,17626073,10353
2021-12-06,17630200,4127
2021-12-06,17630894,694
2021-12-07,17631263,369
2021-12-07,17631703,440
2021-12-07,17635188,3485
2021-12-07,17636947,1759
2021-12-07,17638167,1220
2021-12-07,17639341,1174
2021-12-07,17639900,559
2021-12-07,17640584,684
2021-12-07,17641521,937
2021-12-07,17641985,464
2021-12-07,17642155,170
2021-12-07,17642962,807
2021-12-07,17643336,374
2021-12-07,17643531,195
2021-12-07,17643806,275
2021-12-07,17644029,223
2021-12-07,17644112,83
2021-12-07,17644219,107
2021-12-07,17644317,98
2021-12-07,17644477,160
2021-12-07,17644537,60
2021-12-07,17644833,296
2021-12-07,17644895,62
2021-12-07,17645196,301
2021-12-07,17645262,66
2021-12-07,17645487,225
2021-12-07,17645732,245
2021-12-07,17646157,425
2021-12-07,17646305,148
2021-12-07,17646467,162
2021-12-07,17646709,242
2021-12-07,17647152,443
2021-12-07,17648186,1034
2021-12-07,17648390,204
2021-12-07,17650171,1781
2021-12-07,17650581,410
2021-12-07,17651890,1309
2021-12-07,17654139,2249
2021-12-07,17654450,311
2021-12-07,17654828,378
2021-12-07,17656951,2123
2021-12-07,17657401,450
2021-12-07,17658548,1147
2021-12-07,17662134,3586
2021-12-07,17663077,943
2021-12-07,17663653,576
2021-12-07,17664442,789
2021-12-07,17665384,942
2021-12-08,17666146,762
2021-12-08,17666938,792
2021-12-08,17667493,555
2021-12-08,17668098,605
2021-12-08,17669529,1431
2021-12-08,17670445,916
2021-12-08,17671878,1433
2021-12-08,17673908,2030
2021-12-08,17677592,3684
2021-12-08,17679287,1695
2021-12-08,17680138,851
2021-12-08,17680616,478
2021-12-08,17681300,684
2021-12-08,17681833,533
2021-12-08,17681933,100
2021-12-08,17682224,291
2021-12-08,17682251,27
2021-12-08,17682354,103
2021-12-08,17682539,185
2021-12-08,17682684,145
2021-12-08,17683049,365
2021-12-08,17683198,149
2021-12-08,17683310,112
2021-12-08,17683578,268
2021-12-08,17683912,334
2021-12-08,17684082,170
2021-12-08,17684357,275
2021-12-08,17684817,460
2021-12-08,17684984,167
2021-12-08,17686134,1150
2021-12-08,17686335,201
2021-12-08,17687074,739
2021-12-08,17689764,2690
2021-12-08,17690132,368
2021-12-08,17690970,838
2021-12-08,17691391,421
2021-12-08,17692172,781
2021-12-08,17692697,525
2021-12-08,17693711,1014
2021-12-08,17694075,364
2021-12-08,17694620,545
2021-12-08,17695024,404
2021-12-08,17696056,1032
2021-12-08,17696351,295
2021-12-08,17697464,1113
2021-12-08,17698304,840
2021-12-08,17699260,956
2021-12-08,17702112,2852
2021-12-09,17702408,296
2021-12-09,17702738,330
2021-12-09,17703706,968
2021-12-09,17704205,499
2021-12-09,17705109,904
2021-12-09,17706550,1441
2021-12-09,17707180,630
2021-12-09,17707779,599
2021-12-09,17709270,1491
2021-12-09,17710027,757
2021-12-09,17711112,1085
2021-12-09,17711625,513
2021-12-09,17711883,258
2021-12-09,17712119,236
2021-12-09,17712348,229
2021-12-09,17712439,91
2021-12-09,17712754,315
2021-12-09,17713011,257
2021-12-09,17713179,168
2021-12-09,17713309,130
2021-12-09,17713613,304
2021-12-09,17713651,38
2021-12-09,17713795,144
2021-12-09,17715548,1753
2021-12-09,17715657,109
2021-12-09,17715905,248
2021-12-09,17716203,298
2021-12-09,17716326,123
2021-12-09,17716531,205
2021-12-09,17716696,165
2021-12-09,17716925,229
2021-12-09,17717457,532
2021-12-09,17722585,5128
2021-12-09,17723690,1105
2021-12-09,17728922,5232
2021-12-09,17729634,712
2021-12-09,17729963,329
2021-12-09,17730310,347
2021-12-09,17730821,511
2021-12-09,17731164,343
2021-12-09,17732027,863
2021-12-09,17732173,146
2021-12-09,17732439,266
2021-12-09,17733880,1441
2021-12-09,17734559,679
2021-12-09,17734937,378
2021-12-09,17735164,227
2021-12-09,17735660,496
2021-12-10,17736335,675
2021-12-10,17736526,191
2021-12-10,17736799,273
2021-12-10,17737091,292
2021-12-10,17737626,535
2021-12-10,17738346,720
2021-12-10,17738881,535
2021-12-10,17740351,1470
2021-12-10,17740760,409
2021-12-10,17854543,113783
2021-12-10,17854998,455
2021-12-10,17855084,86
2021-12-10,17855570,486
2021-12-10,17855983,413
2021-12-10,17856085,102
2021-12-10,17856249,164
2021-12-10,17857268,1019
2021-12-10,17857719,451
2021-12-10,17857946,227
2021-12-10,17858074,128
2021-12-10,17858225,151
2021-12-10,17858484,259
2021-12-10,17858801,317
2021-12-10,17858983,182
2021-12-10,17859159,176
2021-12-10,17859570,411
2021-12-10,17859901,331
2021-12-10,17860231,330
2021-12-10,17860527,296
2021-12-10,17860817,290
2021-12-10,17861135,318
2021-12-10,17861459,324
2021-12-10,17861803,344
2021-12-10,17872415,10612
2021-12-10,17873369,954
2021-12-10,17873798,429
2021-12-10,17874542,744
2021-12-10,17875024,482
2021-12-10,17875480,456
2021-12-10,17875749,269
2021-12-10,17876369,620
2021-12-10,17878894,2525
2021-12-10,17879256,362
2021-12-10,17879955,699
2021-12-10,17882835,2880
2021-12-10,17883444,609
2021-12-10,17883510,66
2021-12-10,17884290,780
2021-12-11,17884990,700
2021-12-11,17885814,824
2021-12-11,17886154,340
2021-12-11,17886885,731
2021-12-11,17887674,789
2021-12-11,17888193,519
2021-12-11,17888808,615
2021-12-11,17889394,586
2021-12-11,17889701,307
2021-12-11,17890177,476
2021-12-11,17900898,10721
2021-12-11,17901150,252
2021-12-11,17902361,1211
2021-12-11,17902747,386
2021-12-11,17903287,540
2021-12-11,17903866,579
2021-12-11,17904255,389
2021-12-11,17904353,98
2021-12-11,17904424,71
2021-12-11,17904494,70
2021-12-11,17904627,133
2021-12-11,17904949,322
2021-12-11,17905060,111
2021-12-11,17905168,108
2021-12-11,17905347,179
2021-12-11,17905797,450
2021-12-11,17906048,251
2021-12-11,17907086,1038
2021-12-11,17907860,774
2021-12-11,17908808,948
2021-12-11,17910331,1523
2021-12-11,17911891,1560
2021-12-11,17912953,1062
2021-12-11,17914487,1534
2021-12-11,17915261,774
2021-12-11,17916900,1639
2021-12-11,17918325,1425
2021-12-11,17919947,1622
2021-12-11,17921183,1236
2021-12-11,17924541,3358
2021-12-11,17926382,1841
2021-12-11,17927486,1104
2021-12-11,17928868,1382
2021-12-11,17930841,1973
2021-12-11,17932018,1177
2021-12-11,17933438,1420
2021-12-11,17934095,657
2021-12-11,17936133,2038
2021-12-12,17937199,1066
2021-12-12,17938914,1715
2021-12-12,17940197,1283
2021-12-12,17941493,1296
2021-12-12,17943174,1681
2021-12-12,17945174,2000
2021-12-12,17946602,1428
2021-12-12,17947735,1133
2021-12-12,17948653,918
2021-12-12,17949243,590
2021-12-12,17949852,609
2021-12-12,17950494,642
2021-12-12,17950976,482
2021-12-12,17951570,594
2021-12-12,17952026,456
2021-12-12,17952063,37
2021-12-12,17952557,494
2021-12-12,17953111,554
2021-12-12,17953377,266
2021-12-12,17953777,400
2021-12-12,17954178,401
2021-12-12,17954535,357
2021-12-12,17955368,833
2021-12-12,17955744,376
2021-12-12,17956133,389
2021-12-12,17957034,901
2021-12-12,17960410,3376
2021-12-12,17960651,241
2021-12-12,17960877,226
2021-12-12,17961288,411
2021-12-12,17962281,993
2021-12-12,18112763,150482
2021-12-12,18113855,1092
2021-12-12,18114715,860
2021-12-12,18115467,752
2021-12-12,18116571,1104
2021-12-12,18117796,1225
2021-12-12,18119566,1770
2021-12-12,18120478,912
2021-12-12,18122251,1773
2021-12-12,18123658,1407
2021-12-12,18124700,1042
2021-12-12,18125423,723
2021-12-12,18126190,767
2021-12-12,18126905,715
2021-12-12,18127704,799
2021-12-12,18129136,1432
2021-12-12,18130741,1605
2021-12-13,18131664,923
2021-12-13,18132138,474
2021-12-13,18132876,738
2021-12-13,18134997,2121
2021-12-13,18135989,992
2021-12-13,18138317,2328
2021-12-13,18138928,611
2021-12-13,18139786,858
2021-12-13,18141272,1486
2021-12-13,18141935,663
2021-12-13,18143654,1719
2021-12-13,18143984,330
2021-12-13,18144494,510
2021-12-13,18145038,544
2021-12-13,18145310,272
2021-12-13,18145595,285
2021-12-13,18145704,109
2021-12-13,18146411,707
2021-12-13,18146504,93
2021-12-13,18147707,1203
2021-12-13,18148002,295
2021-12-13,18148405,403
2021-12-13,18148488,83
2021-12-13,18148615,127
2021-12-13,18148716,101
2021-12-13,18148848,132
2021-12-13,18149208,360
2021-12-13,18149520,312
2021-12-13,18150160,640
2021-12-13,18150346,186
2021-12-13,18151377,1031
2021-12-13,18151668,291
2021-12-13,18152300,632
2021-12-13,18163055,10755
2021-12-13,18164124,1069
2021-12-13,18165385,1261
2021-12-13,18166702,1317
2021-12-13,18167313,611
2021-12-13,18167631,318
2021-12-13,18168279,648
2021-12-13,18169682,1403
2021-12-13,18170597,915
2021-12-13,18173125,2528
2021-12-13,18173734,609
2021-12-13,18174280,546
2021-12-13,18175132,852
2021-12-13,18176893,1761
2021-12-13,18177550,657
2021-12-14,18178049,499
2021-12-14,18178813,764
2021-12-14,18183194,4381
2021-12-14,18184759,1565
2021-12-14,18186641,1882
2021-12-14,18190579,3938
2021-12-14,18197927,7348
2021-12-14,18199880,1953
2021-12-14,18201471,1591
2021-12-14,18202544,1073
2021-12-14,18204163,1619
2021-12-14,18205067,904
2021-12-14,18205652,585
2021-12-14,18207014,1362
2021-12-14,18207450,436
2021-12-14,18207856,406
2021-12-14,18208104,248
2021-12-14,18208634,530
2021-12-14,18209184,550
2021-12-14,18209267,83
2021-12-14,18209510,243
2021-12-14,18209668,158
2021-12-14,18209824,156
2021-12-14,18209890,66
2021-12-14,18210207,317
2021-12-14,18210555,348
2021-12-14,18210811,256
2021-12-14,18211236,425
2021-12-14,18211740,504
2021-12-14,18212311,571
2021-12-14,18213452,1141
2021-12-14,18213758,306
2021-12-14,18214574,816
2021-12-14,18215282,708
2021-12-14,18215899,617
2021-12-14,18216379,480
2021-12-14,18216979,600
2021-12-14,18218471,1492
2021-12-14,18220011,1540
2021-12-14,18220323,312
2021-12-14,18221530,1207
2021-12-14,18222448,918
2021-12-14,18223838,1390
2021-12-14,18225032,1194
2021-12-14,18226473,1441
2021-12-14,18226946,473
2021-12-14,18227923,977
2021-12-14,18229621,1698
2021-12-15,18231117,1496
2021-12-15,18232271,1154
2021-12-15,18232945,674
2021-12-15,18234926,1981
2021-12-15,18235373,447
2021-12-15,18237296,1923
2021-12-15,18238015,719
2021-12-15,18239098,1083
2021-12-15,18240108,1010
2021-12-15,18240871,763
2021-12-15,18241689,818
2021-12-15,18242169,480
2021-12-15,18242906,737
2021-12-15,18243385,479
2021-12-15,18243598,213
2021-12-15,18243950,352
2021-12-15,18244061,111
2021-12-15,18244174,113
2021-12-15,18244409,235
2021-12-15,18244526,117
2021-12-15,18244786,260
2021-12-15,18244969,183
2021-12-15,18245144,175
2021-12-15,18245370,226
2021-12-15,18245522,152
2021-12-15,18245601,79
2021-12-15,18245834,233
2021-12-15,18246136,302
2021-12-15,18246400,264
2021-12-15,18247269,869
2021-12-15,18247782,513
2021-12-15,18248342,560
2021-12-15,18248598,256
2021-12-15,18249105,507
2021-12-15,18250565,1460
2021-12-15,18250767,202
2021-12-15,18251237,470
2021-12-15,18252679,1442
2021-12-15,18253538,859
2021-12-15,18253960,422
2021-12-15,18254240,280
2021-12-15,18255430,1190
2021-12-15,18258411,2981
2021-12-15,18259113,702
2021-12-15,18260443,1330
2021-12-15,18262111,1668
2021-12-15,18262644,533
2021-12-15,18283535,20891
2021-12-16,18284683,1148
2021-12-16,18285235,552
2021-12-16,18287060,1825
2021-12-16,18288209,1149
2021-12-16,18288867,658
2021-12-16,18290583,1716
2021-12-16,18291376,793
2021-12-16,18292158,782
2021-12-16,18293608,1450
2021-12-16,18294955,1347
2021-12-16,18296793,1838
2021-12-16,18297917,1124
2021-12-16,18298203,286
2021-12-16,18298849,646
2021-12-16,18299229,380
2021-12-16,18299923,694
2021-12-16,18300073,150
2021-12-16,18300394,321
2021-12-16,18300587,193
2021-12-16,18301678,1091
2021-12-16,18302746,1068
2021-12-16,18306351,3605
2021-12-16,18306946,595
2021-12-16,18307101,155
2021-12-16,18307361,260
2021-12-16,18307471,110
2021-12-16,18308952,1481
2021-12-16,18309374,422
2021-12-16,18310426,1052
2021-12-16,18310728,302
2021-12-16,18311022,294
2021-12-16,18311370,348
2021-12-16,18312320,950
2021-12-16,18313437,1117
2021-12-16,18314420,983
2021-12-16,18315651,1231
2021-12-16,18316281,630
2021-12-16,18316962,681
2021-12-16,18317803,841
2021-12-16,18318331,528
2021-12-16,18319491,1160
2021-12-16,18355888,36397
2021-12-16,18356439,551
2021-12-16,18357204,765
2021-12-16,18358390,1186
2021-12-16,18359464,1074
2021-12-16,18361794,2330
2021-12-16,18362192,398
2021-12-17,18362925,733
2021-12-17,18363717,792
2021-12-17,18364928,1211
2021-12-17,18365538,610
2021-12-17,18366752,1214
2021-12-17,18368572,1820
2021-12-17,18369468,896
2021-12-17,18370738,1270
2021-12-17,18371269,531
2021-12-17,18372988,1719
2021-12-17,18375156,2168
2021-12-17,18375909,753
2021-12-17,18376654,745
2021-12-17,18376890,236
2021-12-17,18377499,609
2021-12-17,18377759,260
2021-12-17,18377957,198
2021-12-17,18378257,300
2021-12-17,18378461,204
2021-12-17,18378538,77
2021-12-17,18380765,2227
2021-12-17,18381546,781
2021-12-17,18382222,676
2021-12-17,18382286,64
2021-12-17,18382527,241
2021-12-17,18382791,264
2021-12-17,18383160,369
2021-12-17,18383537,377
2021-12-17,18384188,651
2021-12-17,18385124,936
2021-12-17,18385678,554
2021-12-17,18387294,1616
2021-12-17,18389278,1984
2021-12-17,18391025,1747
2021-12-17,18392607,1582
2021-12-17,18393462,855
2021-12-17,18396167,2705
2021-12-17,18398089,1922
2021-12-17,18400250,2161
2021-12-17,18401448,1198
2021-12-17,18403918,2470
2021-12-17,18405567,1649
2021-12-17,18406848,1281
2021-12-17,18409189,2341
2021-12-17,18409816,627
2021-12-17,18411832,2016
2021-12-17,18494373,82541
2021-12-17,18495733,1360
2021-12-18,18496220,487
2021-12-18,18496914,694
2021-12-18,18502045,5131
2021-12-18,18502894,849
2021-12-18,18503972,1078
2021-12-18,18504899,927
2021-12-18,18506481,1582
2021-12-18,18507323,842
2021-12-18,18507709,386
2021-12-18,18508316,607
2021-12-18,18509427,1111
2021-12-18,18509790,363
2021-12-18,18510266,476
2021-12-18,18510585,319
2021-12-18,18510923,338
2021-12-18,18511108,185
2021-12-18,18511228,120
2021-12-18,18511293,65
2021-12-18,18511773,480
2021-12-18,18511899,126
2021-12-18,18512902,1003
2021-12-18,18513135,233
2021-12-18,18513369,234
2021-12-18,18513560,191
2021-12-18,18513695,135
2021-12-18,18513800,105
2021-12-18,18514098,298
2021-12-18,18514437,339
2021-12-18,18514851,414
2021-12-18,18515506,655
2021-12-18,18516834,1328
2021-12-18,18517308,474
2021-12-18,18517726,418
2021-12-18,18518641,915
2021-12-18,18519519,878
2021-12-18,18523774,4255
2021-12-18,18526217,2443
2021-12-18,18526901,684
2021-12-18,18529748,2847
2021-12-18,18530709,961
2021-12-18,18533133,2424
2021-12-18,18545764,12631
2021-12-18,18547567,1803
2021-12-18,18548646,1079
2021-12-18,18549376,730
2021-12-18,18550239,863
2021-12-18,18551043,804
2021-12-18,18551834,791
2021-12-19,18552907,1073
2021-12-19,18553385,478
2021-12-19,18554175,790
2021-12-19,18556809,2634
2021-12-19,18557381,572
2021-12-19,18557670,289
2021-12-19,18558277,607
2021-12-19,18558859,582
2021-12-19,18559888,1029
2021-12-19,18560204,316
2021-12-19,18560583,379
2021-12-19,18560829,246
2021-12-19,18561085,256
2021-12-19,18561278,193
2021-12-19,18563719,2441
2021-12-19,18563986,267
2021-12-19,18564265,279
2021-12-19,18564452,187
2021-12-19,18564852,400
2021-12-19,18565039,187
2021-12-19,18565287,248
2021-12-19,18566829,1542
2021-12-19,18566980,151
2021-12-19,18567154,174
2021-12-19,18568724,1570
2021-12-19,18568831,107
2021-12-19,18568949,118
2021-12-19,18569130,181
2021-12-19,18569442,312
2021-12-19,18570352,910
2021-12-19,18570627,275
2021-12-19,18571305,678
2021-12-19,18572954,1649
2021-12-19,18573917,963
2021-12-19,18574409,492
2021-12-19,18575641,1232
2021-12-19,18576193,552
2021-12-19,18577294,1101
2021-12-19,18578770,1476
2021-12-19,18580323,1553
2021-12-19,18583184,2861
2021-12-19,18585756,2572
2021-12-19,18586615,859
2021-12-19,18587591,976
2021-12-19,18588612,1021
2021-12-19,18590630,2018
2021-12-19,18593198,2568
2021-12-19,18594014,816
2021-12-20,18595695,1681
2021-12-20,18597277,1582
2021-12-20,18597782,505
2021-12-20,18598405,623
2021-12-20,18598996,591
2021-12-20,18600330,1334
2021-12-20,18600992,662
2021-12-20,18601803,811
2021-12-20,18602078,275
2021-12-20,18603204,1126
2021-12-20,18604143,939
2021-12-20,18605590,1447
2021-12-20,18607035,1445
2021-12-20,18607788,753
2021-12-20,18608015,227
2021-12-20,18608124,109
2021-12-20,18608469,345
2021-12-20,18609144,675
2021-12-20,18609490,346
2021-12-20,18609694,204
2021-12-20,18616193,6499
2021-12-20,18616602,409
2021-12-20,18616826,224
2021-12-20,18617364,538
2021-12-20,18627653,10289
2021-12-20,18627814,161
2021-12-20,18628062,248
2021-12-20,18628321,259
2021-12-20,18628551,230
2021-12-20,18629107,556
2021-12-20,18630329,1222
2021-12-20,18630603,274
2021-12-20,18631034,431
2021-12-20,18631738,704
2021-12-20,18632767,1029
2021-12-20,18643996,11229
2021-12-20,18645746,1750
2021-12-20,18647343,1597
2021-12-20,18648198,855
2021-12-20,18649243,1045
2021-12-20,18650071,828
2021-12-20,18650842,771
2021-12-20,18652017,1175
2021-12-20,18653924,1907
2021-12-20,18655744,1820
2021-12-20,18661997,6253
2021-12-20,18663150,1153
2021-12-20,18665017,1867
2021-12-21,18666225,1208
2021-12-21,18668179,1954
2021-12-21,18669258,1079
2021-12-21,18670091,833
2021-12-21,18673565,3474
2021-12-21,18674771,1206
2021-12-21,18675481,710
2021-12-21,18677946,2465
2021-12-21,18679567,1621
2021-12-21,18682295,2728
2021-12-21,18684799,2504
2021-12-21,18685292,493
2021-12-21,18686054,762
2021-12-21,18688652,2598
2021-12-21,18689445,793
2021-12-21,18693012,3567
2021-12-21,18693823,811
2021-12-21,18694177,354
2021-12-21,18694407,230
2021-12-21,18695346,939
2021-12-21,18695690,344
2021-12-21,18696356,666
2021-12-21,18697004,648
2021-12-21,18697245,241
2021-12-21,18697386,141
2021-12-21,18697656,270
2021-12-21,18698380,724
2021-12-21,18699065,685
2021-12-21,18700469,1404
2021-12-21,18701932,1463
2021-12-21,18702574,642
2021-12-21,18703859,1285
2021-12-21,18704481,622
2021-12-21,18706650,2169
2021-12-21,18710440,3790
2021-12-21,18711219,779
2021-12-21,18723238,12019
2021-12-21,18724465,1227
2021-12-21,18791526,67061
2021-12-21,18939160,147634
2021-12-21,19065469,126309
2021-12-21,19154017,88548
2021-12-21,19235550,81533
2021-12-21,19298946,63396
2021-12-21,19351857,52911
2021-12-21,19641892,290035
2021-12-21,19687443,45551
2021-12-21,19716765,29322
2021-12-22,20091875,375110
2021-12-22,20139913,48038
2021-12-22,20245097,105184
2021-12-22,20402572,157475
2021-12-22,20412933,10361
2021-12-22,20415083,2150
2021-12-22,20416853,1770
2021-12-22,20417432,579
2021-12-22,20418584,1152
2021-12-22,20419741,1157
2021-12-22,20420366,625
2021-12-22,20420812,446
2021-12-22,20421398,586
2021-12-22,20423520,2122
2021-12-22,20423914,394
2021-12-22,20424226,312
2021-12-22,20424663,437
2021-12-22,20424934,271
2021-12-22,20425110,176
2021-12-22,20425541,431
2021-12-22,20425857,316
2021-12-22,20426251,394
2021-12-22,20427703,1452
2021-12-22,20429280,1577
2021-12-22,20430249,969
2021-12-22,20430734,485
2021-12-22,20431318,584
2021-12-22,20432519,1201
2021-12-22,20433074,555
2021-12-22,20433591,517
2021-12-22,20434183,592
2021-12-22,20435000,817
2021-12-22,20437321,2321
2021-12-22,20439583,2262
2021-12-22,20440615,1032
2021-12-22,20442335,1720
2021-12-22,20445127,2792
2021-12-22,20447545,2418
2021-12-22,20569198,121653
2021-12-22,20570873,1675
2021-12-22,20587551,16678
2021-12-22,20590360,2809
2021-12-22,20592247,1887
2021-12-22,20595505,3258
2021-12-22,20596596,1091
2021-12-22,20598160,1564
2021-12-22,20599428,1268
2021-12-22,20603528,4100
2021-12-23,20605165,1637
2021-12-23,20606327,1162
2021-12-23,20607311,984
2021-12-23,20608143,832
2021-12-23,20611094,2951
2021-12-23,20612669,1575
2021-12-23,20613455,786
2021-12-23,20614804,1349
2021-12-23,20616195,1391
2021-12-23,20618059,1864
2021-12-23,20618922,863
2021-12-23,20620613,1691
2021-12-23,20621597,984
2021-12-23,20622730,1133
2021-12-23,20623340,610
2021-12-23,20623622,282
2021-12-23,20623757,135
2021-12-23,20624124,367
2021-12-23,20624347,223
2021-12-23,20625029,682
2021-12-23,20625259,230
2021-12-23,20626295,1036
2021-12-23,20626598,303
2021-12-23,20627837,1239
2021-12-23,20627968,131
2021-12-23,20629804,1836
2021-12-23,20630141,337
2021-12-23,20630554,413
2021-12-23,20631300,746
2021-12-23,20632471,1171
2021-12-23,20634036,1565
2021-12-23,20635483,1447
2021-12-23,20636796,1313
2021-12-23,20638460,1664
2021-12-23,20639759,1299
2021-12-23,20642154,2395
2021-12-23,20643751,1597
2021-12-23,20797568,153817
2021-12-23,20799900,2332
2021-12-23,20801846,1946
2021-12-23,20802919,1073
2021-12-23,20805338,2419
2021-12-23,20807099,1761
2021-12-23,20809384,2285
2021-12-23,20814753,5369
2021-12-23,20816521,1768
2021-12-23,20818367,1846
2021-12-23,20819399,1032
2021-12-24,20820747,1348
2021-12-24,20821439,692
2021-12-24,20822820,1381
2021-12-24,20825284,2464
2021-12-24,20826854,1570
2021-12-24,20829228,2374
2021-12-24,20831592,2364
2021-12-24,20832286,694
2021-12-24,20834122,1836
2021-12-24,20861066,26944
2021-12-24,20863043,1977
2021-12-24,20863652,609
2021-12-24,20864144,492
2021-12-24,20864584,440
2021-12-24,20865126,542
2021-12-24,20865638,512
2021-12-24,20865778,140
2021-12-24,20866499,721
2021-12-24,20866974,475
2021-12-24,20867375,401
2021-12-24,20868235,860
2021-12-24,20868829,594
2021-12-24,20869434,605
2021-12-24,20870865,1431
2021-12-24,20871718,853
2021-12-24,20872455,737
2021-12-24,20873491,1036
2021-12-24,20874127,636
2021-12-24,20875314,1187
2021-12-24,20877613,2299
2021-12-24,20879845,2232
2021-12-24,20881109,1264
2021-12-24,20883428,2319
2021-12-24,20885182,1754
2021-12-24,20886632,1450
2021-12-24,20889789,3157
2021-12-24,20891365,1576
2021-12-24,20895363,3998
2021-12-24,20897767,2404
2021-12-24,20900544,2777
2021-12-24,20904777,4233
2021-12-24,20906586,1809
2021-12-24,20908734,2148
2021-12-24,20911209,2475
2021-12-24,20914333,3124
2021-12-24,21413222,498889
2021-12-24,21415409,2187
2021-12-24,21416843,1434
2021-12-25,21419727,2884
2021-12-25,21421540,1813
2021-12-25,21439959,18419
2021-12-25,21452144,12185
2021-12-25,21453192,1048
2021-12-25,21456024,2832
2021-12-25,21456959,935
2021-12-25,21458307,1348
2021-12-25,21459996,1689
2021-12-25,21462393,2397
2021-12-25,21464403,2010
2021-12-25,21465933,1530
2021-12-25,21466825,892
2021-12-25,21467959,1134
2021-12-25,21468665,706
2021-12-25,21469141,476
2021-12-25,21469571,430
2021-12-25,21470229,658
2021-12-25,21471249,1020
2021-12-25,21471747,498
2021-12-25,21473032,1285
2021-12-25,21474165,1133
2021-12-25,21474691,526
2021-12-25,21475922,1231
2021-12-25,21477034,1112
2021-12-25,21477377,343
2021-12-25,21479219,1842
2021-12-25,21479916,697
2021-12-25,21480826,910
2021-12-25,21482081,1255
2021-12-25,21483210,1129
2021-12-25,21484611,1401
2021-12-25,21486443,1832
2021-12-25,21489493,3050
2021-12-25,21492006,2513
2021-12-25,21494002,1996
2021-12-25,21499586,5584
2021-12-25,21502408,2822
2021-12-25,21505907,3499
2021-12-25,21506970,1063
2021-12-25,21508928,1958
2021-12-25,21510343,1415
2021-12-25,21511309,966
2021-12-25,21513296,1987
2021-12-25,21514384,1088
2021-12-25,21517505,3121
2021-12-25,21518190,685
2021-12-25,21519630,1440
2021-12-26,21523055,3425
2021-12-26,21548760,25705
2021-12-26,21551727,2967
2021-12-26,21553238,1511
2021-12-26,21555794,2556
2021-12-26,21566652,10858
2021-12-26,21567395,743
2021-12-26,21567997,602
2021-12-26,21569287,1290
2021-12-26,21570712,1425
2021-12-26,21571525,813
2021-12-26,21572750,1225
2021-12-26,21573320,570
2021-12-26,21573942,622
2021-12-26,21574463,521
2021-12-26,21574558,95
2021-12-26,21574800,242
2021-12-26,21575073,273
2021-12-26,21576311,1238
2021-12-26,21576511,200
2021-12-26,21576766,255
2021-12-26,21577444,678
2021-12-26,21577552,108
2021-12-26,21579212,1660
2021-12-26,21579600,388
2021-12-26,21580513,913
2021-12-26,21580746,233
2021-12-26,21581030,284
2021-12-26,21581356,326
2021-12-26,21582034,678
2021-12-26,21582282,248
2021-12-26,21583606,1324
2021-12-26,21584102,496
2021-12-26,21584757,655
2021-12-26,21586539,1782
2021-12-26,21587534,995
2021-12-26,21589990,2456
2021-12-26,21591002,1012
2021-12-26,21594139,3137
2021-12-26,21596204,2065
2021-12-26,21597377,1173
2021-12-26,21599457,2080
2021-12-26,21600531,1074
2021-12-26,21603087,2556
2021-12-26,21604928,1841
2021-12-26,21605812,884
2021-12-26,21607876,2064
2021-12-26,21609615,1739
2021-12-27,21610769,1154
2021-12-27,21612174,1405
2021-12-27,21613352,1178
2021-12-27,21614511,1159
2021-12-27,21617616,3105
2021-12-27,21620516,2900
2021-12-27,21621760,1244
2021-12-27,21622524,764
2021-12-27,21623974,1450
2021-12-27,21625215,1241
2021-12-27,21625907,692
2021-12-27,21626591,684
2021-12-27,21628044,1453
2021-12-27,21628739,695
2021-12-27,21629495,756
2021-12-27,21630855,1360
2021-12-27,21631227,372
2021-12-27,21631387,160
2021-12-27,21631685,298
2021-12-27,21632970,1285
2021-12-27,21633277,307
2021-12-27,21633953,676
2021-12-27,21634188,235
2021-12-27,21634345,157
2021-12-27,21634959,614
2021-12-27,21635238,279
2021-12-27,21635598,360
2021-12-27,21636165,567
2021-12-27,21636563,398
2021-12-27,21638014,1451
2021-12-27,21638950,936
2021-12-27,21639666,716
2021-12-27,21640507,841
2021-12-27,21643052,2545
2021-12-27,21645140,2088
2021-12-27,21647391,2251
2021-12-27,21649663,2272
2021-12-27,21652943,3280
2021-12-27,21654875,1932
2021-12-27,21655868,993
2021-12-27,21659131,3263
2021-12-27,21661191,2060
2021-12-27,21661775,584
2021-12-27,21662284,509
2021-12-27,21663950,1666
2021-12-27,21665271,1321
2021-12-27,21666096,825
2021-12-27,21667340,1244
2021-12-28,21668264,924
2021-12-28,21669397,1133
2021-12-28,21670375,978
2021-12-28,21675281,4906
2021-12-28,24940100,3264819
2021-12-28,25141041,200941
2021-12-28,25144615,3574
2021-12-28,25149908,5293
2021-12-28,25155119,5211
2021-12-28,25159312,4193
2021-12-28,25163554,4242
2021-12-28,25166095,2541
2021-12-28,25168183,2088
2021-12-28,25169618,1435
2021-12-28,25170987,1369
2021-12-28,25172627,1640
2021-12-28,25173469,842
2021-12-28,25175384,1915
2021-12-28,25175940,556
2021-12-28,25177382,1442
2021-12-28,25181741,4359
2021-12-28,25183223,1482
2021-12-28,25189756,6533
2021-12-28,25190516,760
2021-12-28,25191809,1293
2021-12-28,25192865,1056
2021-12-28,25193715,850
2021-12-28,25199691,5976
2021-12-28,25200697,1006
2021-12-28,25202158,1461
2021-12-28,25203996,1838
2021-12-28,25206701,2705
2021-12-28,25207953,1252
2021-12-28,25209916,1963
2021-12-28,25214153,4237
2021-12-28,25216450,2297
2021-12-28,25218490,2040
2021-12-28,25224288,5798
2021-12-28,25238300,14012
2021-12-28,25242661,4361
2021-12-28,25246333,3672
2021-12-28,25249552,3219
2021-12-28,25252773,3221
2021-12-28,25256116,3343
2021-12-28,25259832,3716
2021-12-28,25261953,2121
2021-12-28,25263275,1322
2021-12-28,25271086,7811
2021-12-29,25272655,1569
2021-12-29,25275030,2375
2021-12-29,25277973,2943
2021-12-29,25279644,1671
2021-12-29,25283267,3623
2021-12-29,25285473,2206
2021-12-29,25287237,1764
2021-12-29,25289743,2506
2021-12-29,25291970,2227
2021-12-29,25296261,4291
2021-12-29,25297786,1525
2021-12-29,25298548,762
2021-12-29,25299396,848
2021-12-29,25301152,1756
2021-12-29,25301731,579
2021-12-29,25302201,470
2021-12-29,25302353,152
2021-12-29,25304243,1890
2021-12-29,25304525,282
2021-12-29,25305085,560
2021-12-29,25305320,235
2021-12-29,25305920,600
2021-12-29,25306582,662
2021-12-29,25306951,369
2021-12-29,25309480,2529
2021-12-29,25309779,299
2021-12-29,25310093,314
2021-12-29,25310740,647
2021-12-29,25311754,1014
2021-12-29,25313188,1434
2021-12-29,25314779,1591
2021-12-29,25317001,2222
2021-12-29,25318281,1280
2021-12-29,25320859,2578
2021-12-29,25321741,882
2021-12-29,25322875,1134
2021-12-29,25327002,4127
2021-12-29,25332966,5964
2021-12-29,25335576,2610
2021-12-29,25339162,3586
2021-12-29,25341092,1930
2021-12-29,25342674,1582
2021-12-29,25344544,1870
2021-12-29,25346496,1952
2021-12-29,25351978,5482
2021-12-29,25354127,2149
2021-12-29,25362151,8024
2021-12-29,25366680,4529
2021-12-30,25395479,28799
2021-12-30,25399664,4185
2021-12-30,25402229,2565
2021-12-30,25404712,2483
2021-12-30,25406087,1375
2021-12-30,25410661,4574
2021-12-30,25412239,1578
2021-12-30,25413482,1243
2021-12-30,25415539,2057
2021-12-30,25417199,1660
2021-12-30,25419024,1825
2021-12-30,25419578,554
2021-12-30,25420857,1279
2021-12-30,25421484,627
2021-12-30,25421765,281
2021-12-30,25423122,1357
2021-12-30,25424256,1134
2021-12-30,25425213,957
2021-12-30,25426101,888
2021-12-30,25427467,1366
2021-12-30,25428134,667
2021-12-30,25428819,685
2021-12-30,25429136,317
2021-12-30,25429640,504
2021-12-30,25430073,433
2021-12-30,25430667,594
2021-12-30,25435809,5142
2021-12-30,25437869,2060
2021-12-30,25438886,1017
2021-12-30,25441026,2140
2021-12-30,25443179,2153
2021-12-30,25445532,2353
2021-12-30,25447189,1657
2021-12-30,25450029,2840
2021-12-30,25451373,1344
2021-12-30,25477715,26342
2021-12-30,25481069,3354
2021-12-30,25484053,2984
2021-12-30,25486915,2862
2021-12-30,25490506,3591
2021-12-30,25495627,5121
2021-12-30,25501730,6103
2021-12-30,25504913,3183
2021-12-30,25509446,4533
2021-12-30,25513843,4397
2021-12-30,25518551,4708
2021-12-30,25523669,5118
2021-12-30,25526896,3227
2021-12-31,25530630,3734
2021-12-31,25534601,3971
2021-12-31,25537297,2696
2021-12-31,25541849,4552
2021-12-31,25544215,2366
2021-12-31,25547716,3501
2021-12-31,25549841,2125
2021-12-31,25553749,3908
2021-12-31,25557239,3490
2021-12-31,25560145,2906
2021-12-31,25571655,11510
2021-12-31,25576064,4409
2021-12-31,25576812,748
2021-12-31,25577508,696
2021-12-31,25578411,903
2021-12-31,25583982,5571
2021-12-31,25585474,1492
2021-12-31,25595358,9884
2021-12-31,25597280,1922
2021-12-31,25597590,310
2021-12-31,25598513,923
2021-12-31,25600157,1644
2021-12-31,25602075,1918
2021-12-31,25607234,5159
2021-12-31,25615668,8434
2021-12-31,25616098,430
2021-12-31,25616694,596
2021-12-31,25617654,960
2021-12-31,25619626,1972
2021-12-31,25620780,1154
2021-12-31,25624068,3288
2021-12-31,25627520,3452
2021-12-31,25630435,2915
2021-12-31,25633050,2615
2021-12-31,25644780,11730
2021-12-31,25651210,6430
2021-12-31,25663143,11933
2021-12-31,25668291,5148
2021-12-31,25676451,8160
2021-12-31,25791364,114913
2021-12-31,25797112,5748
2021-12-31,25821084,23972
2021-12-31,25839882,18798
2021-12-31,25848682,8800
2021-12-31,25861555,12873
2021-12-31,25873967,12412
2021-12-31,25884293,10326
2021-12-31,25898979,14686
2022-01-01,25926918,27939
2022-01-01,25935878,8960
2022-01-01,25951435,15557
2022-01-01,25960806,9371
2022-01-01,25969076,8270
2022-01-01,25977415,8339
2022-01-01,25999237,21822
2022-01-01,26008470,9233
2022-01-01,26018189,9719
2022-01-01,26029056,10867
2022-01-01,26035253,6197
2022-01-01,26043909,8656
2022-01-01,26048497,4588
2022-01-01,26053043,4546
2022-01-01,26055779,2736
2022-01-01,26059986,4207
2022-01-01,26063568,3582
2022-01-01,26066036,2468
2022-01-01,26067938,1902
2022-01-01,26069248,1310
2022-01-01,26069821,573
2022-01-01,26070222,401
2022-01-01,26070326,104
2022-01-01,26070424,98
2022-01-01,26070573,149
2022-01-01,26071118,545
2022-01-01,26071593,475
2022-01-01,26072269,676
2022-01-01,26072821,552
2022-01-01,26073479,658
2022-01-01,26074825,1346
2022-01-01,26075173,348
2022-01-01,26075688,515
2022-01-01,26078290,2602
2022-01-01,26079181,891
2022-01-01,26080158,977
2022-01-01,26081139,981
2022-01-01,26082000,861
2022-01-01,26083071,1071
2022-01-01,26084008,937
2022-01-01,26085058,1050
2022-01-01,26086094,1036
2022-01-01,26088439,2345
2022-01-01,26095352,6913
2022-01-01,26097790,2438
2022-01-01,26098528,738
2022-01-01,26099628,1100
2022-01-01,26101228,1600
2022-01-02,26102328,1100
2022-01-02,26113036,10708
2022-01-02,26115636,2600
2022-01-02,26116998,1362
2022-01-02,30227562,4110564
2022-01-02,30235668,8106
2022-01-02,30236777,1109
2022-01-02,30237656,879
2022-01-02,30239192,1536
2022-01-02,30239673,481
2022-01-02,30240298,625
2022-01-02,30241424,1126
2022-01-02,30241821,397
2022-01-02,30242670,849
2022-01-02,30243267,597
2022-01-02,30243517,250
2022-01-02,30243796,279
2022-01-02,30243998,202
2022-01-02,30244397,399
2022-01-02,30244639,242
2022-01-02,30244885,246
2022-01-02,30245127,242
2022-01-02,30245474,347
2022-01-02,30245770,296
2022-01-02,30246667,897
2022-01-02,30246868,201
2022-01-02,30246925,57
2022-01-02,30247166,241
2022-01-02,30247499,333
2022-01-02,30247661,162
2022-01-02,30247833,172
2022-01-02,30248149,316
2022-01-02,30248387,238
2022-01-02,30249160,773
2022-01-02,30249471,311
2022-01-02,30250127,656
2022-01-02,30250746,619
2022-01-02,30251733,987
2022-01-02,30252069,336
2022-01-02,30252557,488
2022-01-02,30253235,678
2022-01-02,30254086,851
2022-01-02,30255115,1029
2022-01-02,30256302,1187
2022-01-02,30257161,859
2022-01-02,30269433,12272
2022-01-02,30269880,447
2022-01-02,30270951,1071
2022-01-03,30271418,467
2022-01-03,30271726,308
2022-01-03,30272050,324
2022-01-03,30272628,578
2022-01-03,30273312,684
2022-01-03,30275009,1697
2022-01-03,30275843,834
2022-01-03,30276082,239
2022-01-03,30276536,454
2022-01-03,30277439,903
2022-01-03,30278139,700
2022-01-03,30278641,502
2022-01-03,30278925,284
2022-01-03,30279001,76
2022-01-03,30279289,288
2022-01-03,30279635,346
2022-01-03,30279669,34
2022-01-03,30279909,240
2022-01-03,30280039,130
2022-01-03,30280086,47
2022-01-03,30280127,41
2022-01-03,30280237,110
2022-01-03,30280349,112
2022-01-03,30280421,72
2022-01-03,30280424,3
2022-01-03,30280540,116
2022-01-03,30281561,1021
2022-01-03,30281828,267
2022-01-03,30281909,81
2022-01-03,30282648,739
2022-01-03,30282914,266
2022-01-03,30283016,102
2022-01-03,30283243,227
2022-01-03,30283525,282
2022-01-03,30283990,465
2022-01-03,30284261,271
2022-01-03,30284681,420
2022-01-03,30285126,445
2022-01-03,30285414,288
2022-01-03,30287304,1890
2022-01-03,30287504,200
2022-01-03,30287916,412
2022-01-03,30288652,736
2022-01-03,30288782,130
2022-01-03,30289022,240
2022-01-03,30289280,258
2022-01-03,30290558,1278
2022-01-03,30291646,1088
2022-01-04,30292277,631
2022-01-04,30295359,3082
2022-01-04,30295752,393
2022-01-04,30296379,627
2022-01-04,30297072,693
2022-01-04,30307810,10738
2022-01-04,30308103,293
2022-01-04,30308282,179
2022-01-04,30308782,500
2022-01-04,30309108,326
2022-01-04,30309157,49
2022-01-04,30309506,349
2022-01-04,30309610,104
2022-01-04,30309796,186
2022-01-04,30309964,168
2022-01-04,30310193,229
2022-01-04,30310270,77
2022-01-04,30310290,20
2022-01-04,30310406,116
2022-01-04,30310449,43
2022-01-04,30310509,60
2022-01-04,30310614,105
2022-01-04,30310665,51
2022-01-04,30310780,115
2022-01-04,30310912,132
2022-01-04,30311019,107
2022-01-04,30311506,487
2022-01-04,30311522,16
2022-01-04,30311597,75
2022-01-04,30311747,150
2022-01-04,30311898,151
2022-01-04,30312132,234
2022-01-04,30312256,124
2022-01-04,30313073,817
2022-01-04,30313917,844
2022-01-04,30315279,1362
2022-01-04,30315728,449
2022-01-04,30315789,61
2022-01-04,30316142,353
2022-01-04,30316556,414
2022-01-04,30317598,1042
2022-01-04,30318121,523
2022-01-04,30318445,324
2022-01-04,30318647,202
2022-01-04,30322854,4207
2022-01-04,30323583,729
2022-01-04,30323987,404
2022-01-04,30324529,542
2022-01-05,30325023,494
2022-01-05,30325929,906
2022-01-05,30326285,356
2022-01-05,30326600,315
2022-01-05,30326753,153
2022-01-05,30327490,737
2022-01-05,30328335,845
2022-01-05,30328485,150
2022-01-05,30328979,494
2022-01-05,30329049,70
2022-01-05,30329320,271
2022-01-05,30329672,352
2022-01-05,30329772,100
2022-01-05,30329883,111
2022-01-05,30329925,42
2022-01-05,30330063,138
2022-01-05,30330143,80
2022-01-05,30330617,474
2022-01-05,30330679,62
2022-01-05,30331195,516
2022-01-05,30331246,51
2022-01-05,30331368,122
2022-01-05,30331381,13
2022-01-05,30331406,25
2022-01-05,30331476,70
2022-01-05,30331536,60
2022-01-05,30331586,50
2022-01-05,30331662,76
2022-01-05,30331747,85
2022-01-05,30331783,36
2022-01-05,30331868,85
2022-01-05,30331948,80
2022-01-05,30332021,73
2022-01-05,30332081,60
2022-01-05,30332225,144
2022-01-05,30332246,21
2022-01-05,30332542,296
2022-01-05,30332880,338
2022-01-05,30335427,2547
2022-01-05,30335497,70
2022-01-05,30335642,145
2022-01-05,30335925,283
2022-01-05,30336065,140
2022-01-05,30336844,779
2022-01-05,30338605,1761
2022-01-05,30339045,440
2022-01-05,30339147,102
2022-01-05,30339417,270
2022-01-06,30339585,168
2022-01-06,30339725,140
2022-01-06,30339776,51
2022-01-06,30339854,78
2022-01-06,30340423,569
2022-01-06,30340524,101
2022-01-06,30340734,210
2022-01-06,30340809,75
2022-01-06,30341098,289
2022-01-06,30341159,61
2022-01-06,30341224,65
2022-01-06,30341799,575
2022-01-06,30341870,71
2022-01-06,30342245,375
2022-01-06,30342456,211
2022-01-06,30342476,20
2022-01-06,30342650,174
2022-01-06,30342675,25
2022-01-06,30342776,101
2022-01-06,30342781,5
2022-01-06,30342781,0
2022-01-06,30342817,36
2022-01-06,30342922,105
2022-01-06,30342987,65
2022-01-06,30343022,35
2022-01-06,30343124,102
2022-01-06,30343568,444
2022-01-06,30343596,28
2022-01-06,30343636,40
2022-01-06,30343813,177
2022-01-06,30343891,78
2022-01-06,30343985,94
2022-01-06,30344381,396
2022-01-06,30344696,315
2022-01-06,30344957,261
2022-01-06,30368483,23526
2022-01-06,30368544,61
2022-01-06,30368682,138
2022-01-06,30368811,129
2022-01-06,30368962,151
2022-01-06,30369656,694
2022-01-06,30369738,82
2022-01-06,30369937,199
2022-01-06,30370084,147
2022-01-06,30370204,120
2022-01-06,30370674,470
2022-01-06,30370824,150
2022-01-06,30371070,246
2022-01-07,30371077,7
2022-01-07,30371181,104
2022-01-07,30371410,229
2022-01-07,30371549,139
2022-01-07,30371810,261
2022-01-07,30372222,412
2022-01-07,30374293,2071
2022-01-07,30374521,228
2022-01-07,30374996,475
2022-01-07,30375143,147
2022-01-07,30375204,61
2022-01-07,30375251,47
2022-01-07,30375391,140
2022-01-07,30375581,190
2022-01-07,30375606,25
2022-01-07,30375608,2
2022-01-07,30375667,59
2022-01-07,30375688,21
2022-01-07,30375704,16
2022-01-07,30376578,874
2022-01-07,30376674,96
2022-01-07,30377647,973
2022-01-07,30377798,151
2022-01-07,30377819,21
2022-01-07,30377879,60
2022-01-07,30377880,1
2022-01-07,30377919,39
2022-01-07,30378017,98
2022-01-07,30378094,77
2022-01-07,30378189,95
2022-01-07,30378210,21
2022-01-07,30378241,31
2022-01-07,30378276,35
2022-01-07,30378442,166
2022-01-07,30379161,719
2022-01-07,30379453,292
2022-01-07,30379561,108
2022-01-07,30379728,167
2022-01-07,30379840,112
2022-01-07,30380082,242
2022-01-07,30380230,148
2022-01-07,30386383,6153
2022-01-07,30386488,105
2022-01-07,30388124,1636
2022-01-07,30388189,65
2022-01-07,30410354,22165
2022-01-07,30410545,191
2022-01-07,30411001,456
2022-01-08,30411261,260
2022-01-08,30411377,116
2022-01-08,30411484,107
2022-01-08,30411556,72
2022-01-08,30411618,62
2022-01-08,30411745,127
2022-01-08,30411859,114
2022-01-08,30411913,54
2022-01-08,30412046,133
2022-01-08,30412358,312
2022-01-08,30412459,101
2022-01-08,30412584,125
2022-01-08,30412644,60
2022-01-08,30412679,35
2022-01-08,30412679,0
2022-01-08,30412699,20
2022-01-08,30412699,0
2022-01-08,30412749,50
2022-01-08,30412759,10
2022-01-08,30412760,1
2022-01-08,30413525,765
2022-01-08,30413527,2
2022-01-08,30413552,25
2022-01-08,30413572,20
2022-01-08,30413613,41
2022-01-08,30413638,25
2022-01-08,30413672,34
2022-01-08,30413773,101
2022-01-08,30413818,45
2022-01-08,30413893,75
2022-01-08,30413973,80
2022-01-08,30414073,100
2022-01-08,30414194,121
2022-01-08,30414410,216
2022-01-08,30414796,386
2022-01-08,30414912,116
2022-01-08,30414930,18
2022-01-08,30415668,738
2022-01-08,30415944,276
2022-01-08,30416633,689
2022-01-08,30416885,252
2022-01-08,30417015,130
2022-01-08,30417283,268
2022-01-08,30417498,215
2022-01-08,30417639,141
2022-01-08,30417824,185
2022-01-08,30418019,195
2022-01-08,30418189,170
2022-01-09,30423227,5038
2022-01-09,30423254,27
2022-01-09,30423546,292
2022-01-09,30423691,145
2022-01-09,30423859,168
2022-01-09,30423925,66
2022-01-09,30424050,125
2022-01-09,30424057,7
2022-01-09,30424120,63
2022-01-09,30424221,101
2022-01-09,30424297,76
2022-01-09,30424349,52
2022-01-09,30424764,415
2022-01-09,30424784,20
2022-01-09,30424809,25
2022-01-09,30424814,5
2022-01-09,30424875,61
2022-01-09,30424885,10
2022-01-09,30424985,100
2022-01-09,30424995,10
2022-01-09,30425057,62
2022-01-09,30425078,21
2022-01-09,30425124,46
2022-01-09,30425154,30
2022-01-09,30425184,30
2022-01-09,30425289,105
2022-01-09,30425301,12
2022-01-09,30425347,46
2022-01-09,30425407,60
2022-01-09,30425576,169
2022-01-09,30425707,131
2022-01-09,30425855,148
2022-01-09,30426476,621
2022-01-09,30426616,140
2022-01-09,30426853,237
2022-01-09,30426981,128
2022-01-09,30427153,172
2022-01-09,30427295,142
2022-01-09,30427541,246
2022-01-09,30427706,165
2022-01-09,30428037,331
2022-01-09,30428194,157
2022-01-09,30428498,304
2022-01-09,30429070,572
2022-01-09,30429240,170
2022-01-09,30429321,81
2022-01-09,30429380,59
2022-01-09,30429444,64
2022-01-10,30430956,1512
2022-01-10,30431780,824
2022-01-10,30432011,231
2022-01-10,30432106,95
2022-01-10,30432298,192
2022-01-10,30432618,320
2022-01-10,30432683,65
2022-01-10,30433164,481
2022-01-10,30433294,130
2022-01-10,30433325,31
2022-01-10,30433530,205
2022-01-10,30433610,80
2022-01-10,30433751,141
2022-01-10,30433802,51
2022-01-10,30433868,66
2022-01-10,30433904,36
2022-01-10,30433906,2
2022-01-10,30433940,34
2022-01-10,30433952,12
2022-01-10,30433972,20
2022-01-10,30434004,32
2022-01-10,30434024,20
2022-01-10,30434167,143
2022-01-10,30434712,545
2022-01-10,30434747,35
2022-01-10,30434815,68
2022-01-10,30434846,31
2022-01-10,30434851,5
2022-01-10,30434871,20
2022-01-10,30434986,115
2022-01-10,30434987,1
2022-01-10,30435091,104
2022-01-10,30435288,197
2022-01-10,30435329,41
2022-01-10,30435485,156
2022-01-10,30436178,693
2022-01-10,30436304,126
2022-01-10,30436414,110
2022-01-10,30436450,36
2022-01-10,30436742,292
2022-01-10,30436800,58
2022-01-10,30437007,207
2022-01-10,30437262,255
2022-01-10,30437400,138
2022-01-10,30437451,51
2022-01-10,30437627,176
2022-01-10,30437978,351
2022-01-10,30438061,83
2022-01-11,30438491,430
2022-01-11,30438524,33
2022-01-11,30438668,144
2022-01-11,30439127,459
2022-01-11,30439751,624
2022-01-11,30440001,250
2022-01-11,30440201,200
2022-01-11,30440412,211
2022-01-11,30440502,90
2022-01-11,30440637,135
2022-01-11,30440832,195
2022-01-11,30440843,11
2022-01-11,30440843,0
2022-01-11,30441133,290
2022-01-11,30441358,225
2022-01-11,30441358,0
2022-01-11,30441408,50
2022-01-11,30441432,24
2022-01-11,30441483,51
2022-01-11,30441493,10
2022-01-11,30441510,17
2022-01-11,30441521,11
2022-01-11,30441591,70
2022-01-11,30441618,27
2022-01-11,30441658,40