2021-10-30,1359.063,0
2021-10-30,1395.232,36169
2021-10-30,3790.278,85537
2021-10-30,3815.238,24960
2021-10-30,3844.178,28940
2021-10-30,3872.942,28764
2021-10-30,3902.575,29633
2021-10-30,3930.84,28265
2021-10-30,3963.038,32198
2021-10-30,3995.992,32954
2021-10-30,4136.936,140944
2021-10-30,4198.577,61641
2021-10-30,4237.088,38511
2021-10-30,4287.695,50607
2021-10-30,4314.023,26328
2021-10-30,4346.15,32127
2021-10-30,4366.493,20343
2021-10-30,4393.151,26658
2021-10-30,4412.698,19547
2021-10-30,4444.037,31339
2021-10-31,4462.482,18445
2021-10-31,4603.112,140630
2021-10-31,4624.133,21021
2021-10-31,4639.908,15775
2021-10-31,4657.355,17447
2021-10-31,4937.865,280510
2021-10-31,4953.054,15189
2021-10-31,5458.607,505553
2021-10-31,6477.299,1018692
2021-10-31,6489.267,11968
2021-10-31,6500.701,11434
2021-10-31,6513.883,13182
2021-10-31,6526.275,12392
2021-10-31,6538.723,12448
2021-10-31,6548.116,9393
2021-10-31,6556.14,8024
2021-10-31,6565.119,8979
2021-10-31,6571.401,6282
2021-10-31,6578.822,7421
2021-10-31,6585.402,6580
2021-10-31,6591.685,6283
2021-10-31,6599.427,7742
2021-10-31,6609.515,10088
2021-10-31,6618.013,8498
2021-10-31,6625.206,7193
2021-10-31,6636.25,11044
2021-10-31,6643.791,7541
2021-10-31,6650.817,7026
2021-10-31,6660.272,9455
2021-10-31,6668.826,8554
2021-10-31,6679.842,11016
2021-10-31,6691.133,11291
2021-10-31,6702.922,11789
2021-10-31,6715.667,12745
2021-10-31,6730.311,14644
2021-10-31,6864.531,134220
2021-10-31,6884.62,20089
2021-10-31,6902.237,17617
2021-10-31,6915.507,13270
2021-10-31,6927.84,12333
2021-10-31,6942.194,14354
2021-10-31,6954.378,12184
2021-10-31,6970.294,15916
2021-10-31,6985.334,15040
2021-10-31,8199.083,1213749
2021-10-31,8211.532,12449
2021-10-31,8223.106,11574
2021-10-31,8233.934,10828
2021-10-31,8241.952,8018
2021-10-31,8252.181,10229
2021-11-01,8268.591,16410
2021-11-01,8279.307,10716
2021-11-01,8287.535,8228
2021-11-01,8299.142,11607
2021-11-01,8309.045,9903
2021-11-01,8322.639,13594
2021-11-01,8589.367,266728
2021-11-01,8604.904,15537
2021-11-01,8613.155,8251
2021-11-01,8622.086,8931
2021-11-01,8629.52,7434
2021-11-01,8636.058,6538
2021-11-01,8643.515,7457
2021-11-01,8651.098,7583
2021-11-01,8660.251,9153
2021-11-01,8664.924,4673
2021-11-01,8669.03,4106
2021-11-01,8674.212,5182
2021-11-01,8828.532,154320
2021-11-01,8834.129,5597
2021-11-01,8840.139,6010
2021-11-01,8846.281,6142
2021-11-01,8855.506,9225
2021-11-01,8862.936,7430
2021-11-01,8883.12,20184
2021-11-01,8894.92,11800
2021-11-01,8903.172,8252
2021-11-01,8913.015,9843
2021-11-01,8923.904,10889
2021-11-01,8933.372,9468
2021-11-01,8948.472,15100
2021-11-01,8973.456,24984
2021-11-01,8992.496,19040
2021-11-01,9001.527,9031
2021-11-01,10211.602,1210075
2021-11-01,10227.403,15801
2021-11-01,10242.004,14601
2021-11-01,10252.251,10247
2021-11-01,10263.262,11011
2021-11-01,10272.933,9671
2021-11-01,10282.691,9758
2021-11-01,10291.644,8953
2021-11-01,10303.483,11839
2021-11-01,10311.922,8439
2021-11-01,10323.805,11883
2021-11-01,10347.187,23382
2021-11-01,10355.896,8709
2021-11-01,10366.208,10312
2021-11-02,10373.693,7485
2021-11-02,10385.658,11965
2021-11-02,10394.462,8804
2021-11-02,10414.009,19547
2021-11-02,10423.498,9489
2021-11-02,10434.202,10704
2021-11-02,10444.873,10671
2021-11-02,10453.5,8627
2021-11-02,10460.82,7320
2021-11-02,10468.158,7338
2021-11-02,10475.995,7837
2021-11-02,10485.965,9970
2021-11-02,10491.813,5848
2021-11-02,10507.346,15533
2021-11-02,10510.894,3548
2021-11-02,10515.404,4510
2021-11-02,10521.563,6159
2021-11-02,10528.123,6560
2021-11-02,10532.092,3969
2021-11-02,10536.233,4141
2021-11-02,10540.902,4669
2021-11-02,10545.353,4451
2021-11-02,10551.142,5789
2021-11-02,10555.525,4383
2021-11-02,10560.143,4618
2021-11-02,10566.892,6749
2021-11-02,10573.141,6249
2021-11-02,10608.606,35465
2021-11-02,10615.647,7041
2021-11-02,10623.622,7975
2021-11-02,10630.967,7345
2021-11-02,10639.087,8120
2021-11-02,10646.944,7857
2021-11-02,10654.196,7252
2021-11-02,10674.387,20191
2021-11-02,10684.27,9883
2021-11-02,10765.878,81608
2021-11-02,10776.667,10789
2021-11-02,10787.049,10382
2021-11-02,10795.999,8950
2021-11-02,10806.697,10698
2021-11-02,10821.007,14310
2021-11-02,10837.81,16803
2021-11-02,10845.281,7471
2021-11-02,10851.485,6204
2021-11-02,10857.153,5668
2021-11-02,10864.358,7205
2021-11-02,10870.083,5725
2021-11-03,10878.125,8042
2021-11-03,10886.97,8845
2021-11-03,10952.99,66020
2021-11-03,10961.888,8898
2021-11-03,10973.272,11384
2021-11-03,11211.71,238438
2021-11-03,11720.192,508482
2021-11-03,11726.912,6720
2021-11-03,11737.495,10583
2021-11-03,11743.915,6420
2021-11-03,11748.894,4979
2021-11-03,11753.636,4742
2021-11-03,11757.264,3628
2021-11-03,11760.699,3435
2021-11-03,11763.773,3074
2021-11-03,11766.902,3129
2021-11-03,11769.181,2279
2021-11-03,11772.743,3562
2021-11-03,11775.188,2445
2021-11-03,11778.314,3126
2021-11-03,11781.788,3474
2021-11-03,11785.109,3321
2021-11-03,11787.236,2127
2021-11-03,11791.105,3869
2021-11-03,11799.949,8844
2021-11-03,11807.721,7772
2021-11-03,11812.864,5143
2021-11-03,11817.517,4653
2021-11-03,11823.031,5514
2021-11-03,11830.394,7363
2021-11-03,11836.326,5932
2021-11-03,11850.636,14310
2021-11-03,11856.704,6068
2021-11-03,12093.954,237250
2021-11-03,12132.316,38362
2021-11-03,12137.722,5406
2021-11-03,12142.738,5016
2021-11-03,12150.388,7650
2021-11-03,12158.76,8372
2021-11-03,12167.669,8909
2021-11-03,12173.052,5383
2021-11-03,12181.229,8177
2021-11-03,12188.317,7088
2021-11-03,12195.609,7292
2021-11-03,12200.297,4688
2021-11-03,12206.706,6409
2021-11-03,12216.171,9465
2021-11-03,12231.744,15573
2021-11-04,12238.172,6428
2021-11-04,12245.325,7153
2021-11-04,12256.055,10730
2021-11-04,12263.779,7724
2021-11-04,12271.159,7380
2021-11-04,12279.961,8802
2021-11-04,12286.672,6711
2021-11-04,12294.135,7463
2021-11-04,12349.073,54938
2021-11-04,12354.531,5458
2021-11-04,12359.887,5356
2021-11-04,12362.538,2651
2021-11-04,12364.485,1947
2021-11-04,12368.318,3833
2021-11-04,12371.069,2751
2021-11-04,12373.644,2575
2021-11-04,12377.299,3655
2021-11-04,12379.3,2001
2021-11-04,12382.896,3596
2021-11-04,12386.775,3879
2021-11-04,12392.9,6125
2021-11-04,12395.278,2378
2021-11-04,12397.583,2305
2021-11-04,12402.006,4423
2021-11-04,12404.907,2901
2021-11-04,12408.169,3262
2021-11-04,12411.437,3268
2021-11-04,12414.832,3395
2021-11-04,12419.907,5075
2021-11-04,12428.768,8861
2021-11-04,12432.881,4113
2021-11-04,12435.821,2940
2021-11-04,12440.332,4511
2021-11-04,12444.849,4517
2021-11-04,12448.88,4031
2021-11-04,12563.148,114268
2021-11-04,12567.303,4155
2021-11-04,12572.329,5026
2021-11-04,12577.549,5220
2021-11-04,12582.089,4540
2021-11-04,12585.442,3353
2021-11-04,12590.172,4730
2021-11-04,12608.26,18088
2021-11-04,12613.689,5429
2021-11-04,12619.589,5900
2021-11-04,12625.289,5700
2021-11-04,12629.927,4638
2021-11-04,12635.062,5135
2021-11-05,12639.69,4628
2021-11-05,12644.763,5073
2021-11-05,12649.824,5061
2021-11-05,12663.493,13669
2021-11-05,12718.629,55136
2021-11-05,12722.68,4051
2021-11-05,12729.625,6945
2021-11-05,12734.892,5267
2021-11-05,12739.404,4512
2021-11-05,12742.926,3522
2021-11-05,12746.762,3836
2021-11-05,12751.198,4436
2021-11-05,12757.616,6418
2021-11-05,12764.052,6436
2021-11-05,12766.688,2636
2021-11-05,12769.168,2480
2021-11-05,12771.53,2362
2021-11-05,12773.036,1506
2021-11-05,12775.055,2019
2021-11-05,12777.71,2655
2021-11-05,12779.419,1709
2021-11-05,12782.38,2961
2021-11-05,12784.124,1744
2021-11-05,12787.108,2984
2021-11-05,12789.379,2271
2021-11-05,12791.783,2404
2021-11-05,12794.947,3164
2021-11-05,12798.011,3064
2021-11-05,12802.084,4073
2021-11-05,12806.563,4479
2021-11-05,12810.432,3869
2021-11-05,12851.475,41043
2021-11-05,12855.522,4047
2021-11-05,12859.045,3523
2021-11-05,12863.824,4779
2021-11-05,12869.763,5939
2021-11-05,12873.688,3925
2021-11-05,12877.903,4215
2021-11-05,12883.76,5857
2021-11-05,12888.022,4262
2021-11-05,12890.984,2962
2021-11-05,12895.926,4942
2021-11-05,12901.79,5864
2021-11-05,12919.597,17807
2021-11-05,12923.772,4175
2021-11-05,12928.233,4461
2021-11-05,12932.563,4330
2021-11-05,12937.115,4552
2021-11-06,12942.001,4886
2021-11-06,12946.952,4951
2021-11-06,12951.809,4857
2021-11-06,12955.369,3560
2021-11-06,12959.41,4041
2021-11-06,12964.86,5450
2021-11-06,12969.193,4333
2021-11-06,12973.357,4164
2021-11-06,12975.535,2178
2021-11-06,12979.238,3703
2021-11-06,12983.508,4270
2021-11-06,12985.596,2088
2021-11-06,12987.892,2296
2021-11-06,12990.94,3048
2021-11-06,12991.869,929
2021-11-06,12992.967,1098
2021-11-06,12994.483,1516
2021-11-06,12995.934,1451
2021-11-06,12999.221,3287
2021-11-06,13001.057,1836
2021-11-06,13003.216,2159
2021-11-06,13005.251,2035
2021-11-06,13006.926,1675
2021-11-06,13008.861,1935
2021-11-06,13011.325,2464
2021-11-06,13013.608,2283
2021-11-06,13015.391,1783
2021-11-06,13020.135,4744
2021-11-06,13022.853,2718
2021-11-06,13026.296,3443
2021-11-06,13031.006,4710
2021-11-06,13033.855,2849
2021-11-06,13037.415,3560
2021-11-06,13041.211,3796
2021-11-06,13045.25,4039
2021-11-06,13052.239,6989
2021-11-06,13056.736,4497
2021-11-06,13060.721,3985
2021-11-06,13064.895,4174
2021-11-06,13420.568,355673
2021-11-06,13423.161,2593
2021-11-06,13427.138,3977
2021-11-06,13430.525,3387
2021-11-06,13435.459,4934
2021-11-06,13439.711,4252
2021-11-06,13444.711,5000
2021-11-06,13447.823,3112
2021-11-06,13451.516,3693
2021-11-07,13454.22,2704
2021-11-07,13473.734,19514
2021-11-07,13479.809,6075
2021-11-07,13483.273,3464
2021-11-07,13486.282,3009
2021-11-07,13490.077,3795
2021-11-07,13494.713,4636
2021-11-07,13497.747,3034
2021-11-07,13506.129,8382
2021-11-07,13508.092,1963
2021-11-07,13509.721,1629
2021-11-07,13516.423,6702
2021-11-07,13518.278,1855
2021-11-07,13519.333,1055
2021-11-07,13520.673,1340
2021-11-07,13521.735,1062
2021-11-07,13523.962,2227
2021-11-07,13524.667,705
2021-11-07,13525.357,690
2021-11-07,13526.566,1209
2021-11-07,13528.326,1760
2021-11-07,13530.838,2512
2021-11-07,13533.045,2207
2021-11-07,13534.629,1584
2021-11-07,13536.424,1795
2021-11-07,13538.642,2218
2021-11-07,13541.065,2423
2021-11-07,13544.388,3323
2021-11-07,13546.447,2059
2021-11-07,13548.712,2265
2021-11-07,13551.482,2770
2021-11-07,13554.743,3261
2021-11-07,13557.487,2744
2021-11-07,13563.367,5880
2021-11-07,13568.474,5107
2021-11-07,13573.849,5375
2021-11-07,13578.57,4721
2021-11-07,13581.761,3191
2021-11-07,13586.238,4477
2021-11-07,13591.757,5519
2021-11-07,13599.12,7363
2021-11-07,13605.192,6072
2021-11-07,13611.36,6168
2021-11-07,13617.713,6353
2021-11-07,13623.722,6009
2021-11-07,13629.145,5423
2021-11-07,13634.505,5360
2021-11-07,13637.842,3337
2021-11-08,13644.286,6444
2021-11-08,13648.997,4711
2021-11-08,13652.948,3951
2021-11-08,13656.216,3268
2021-11-08,13662.365,6149
2021-11-08,13670.117,7752
2021-11-08,13674.817,4700
2021-11-08,13678.757,3940
2021-11-08,13692.984,14227
2021-11-08,13695.669,2685
2021-11-08,13697.943,2274
2021-11-08,13699.738,1795
2021-11-08,13701.61,1872
2021-11-08,13703.14,1530
2021-11-08,13705.015,1875
2021-11-08,13706.024,1009
2021-11-08,13707.251,1227
2021-11-08,13708.682,1431
2021-11-08,13719.628,10946
2021-11-08,13730.684,11056
2021-11-08,13732.016,1332
2021-11-08,13732.997,981
2021-11-08,13734.24,1243
2021-11-08,13735.207,967
2021-11-08,13737.042,1835
2021-11-08,13738.147,1105
2021-11-08,13740.18,2033
2021-11-08,13741.771,1591
2021-11-08,13743.296,1525
2021-11-08,13745.24,1944
2021-11-08,13747.637,2397
2021-11-08,13749.654,2017
2021-11-08,13753.023,3369
2021-11-08,13755.992,2969
2021-11-08,13757.954,1962
2021-11-08,13761.328,3374
2021-11-08,13762.975,1647
2021-11-08,13764.71,1735
2021-11-08,13766.635,1925
2021-11-08,13770.383,3748
2021-11-08,13772.363,1980
2021-11-08,13775.68,3317
2021-11-08,13777.746,2066
2021-11-08,13779.778,2032
2021-11-08,13783.319,3541
2021-11-08,13787.426,4107
2021-11-08,13789.461,2035
2021-11-08,13791.226,1765
2021-11-09,13793.234,2008
2021-11-09,13796.39,3156
2021-11-09,13801.047,4657
2021-11-09,13803.413,2366
2021-11-09,13805.701,2288
2021-11-09,13808.181,2480
2021-11-09,13812.28,4099
2021-11-09,13814.269,1989
2021-11-09,13816.646,2377
2021-11-09,13818.756,2110
2021-11-09,13821.73,2974
2021-11-09,13823.038,1308
2021-11-09,13824.558,1520
2021-11-09,13825.509,951
2021-11-09,13831.223,5714
2021-11-09,13832.342,1119
2021-11-09,13833.091,749
2021-11-09,13834.063,972
2021-11-09,13835.047,984
2021-11-09,13835.947,900
2021-11-09,13837.238,1291
2021-11-09,13838.276,1038
2021-11-09,13839.049,773
2021-11-09,13839.539,490
2021-11-09,13841.663,2124
2021-11-09,13849.378,7715
2021-11-09,13850.026,648
2021-11-09,13853.445,3419
2021-11-09,13854.309,864
2021-11-09,13858.073,3764
2021-11-09,13859.035,962
2021-11-09,13860.724,1689
2021-11-09,13862.554,1830
2021-11-09,13864.856,2302
2021-11-09,13868.645,3789
2021-11-09,13870.619,1974
2021-11-09,13873.519,2900
2021-11-09,13877.156,3637
2021-11-09,13879.097,1941
2021-11-09,13880.971,1874
2021-11-09,13883.32,2349
2021-11-09,13884.467,1147
2021-11-09,13887.365,2898
2021-11-09,13889.073,1708
2021-11-09,13890.767,1694
2021-11-09,13892.347,1580
2021-11-09,13894.448,2101
2021-11-09,13895.606,1158
2021-11-10,13898.293,2687
2021-11-10,13900.201,1908
2021-11-10,13901.816,1615
2021-11-10,13929.431,27615
2021-11-10,13931.705,2274
2021-11-10,13933.603,1898
2021-11-10,13937.192,3589
2021-11-10,13939.853,2661
2021-11-10,13942.087,2234
2021-11-10,13943.207,1120
2021-11-10,13944.58,1373
2021-11-10,13947.188,2608
2021-11-10,13948.498,1310
2021-11-10,13950.239,1741
2021-11-10,13951.268,1029
2021-11-10,13952.137,869
2021-11-10,13952.791,654
2021-11-10,13953.182,391
2021-11-10,13954.785,1603
2021-11-10,13955.261,476
2021-11-10,13955.883,622
2021-11-10,13956.952,1069
2021-11-10,13957.586,634
2021-11-10,13958.127,541
2021-11-10,13959.012,885
2021-11-10,13959.718,706
2021-11-10,13960.152,434
2021-11-10,13961.02,868
2021-11-10,13961.892,872
2021-11-10,13962.475,583
2021-11-10,13963.274,799
2021-11-10,13964.455,1181
2021-11-10,13965.979,1524
2021-11-10,13967.388,1409
2021-11-10,13968.312,924
2021-11-10,13969.657,1345
2021-11-10,13970.731,1074
2021-11-10,14267.22,296489
2021-11-10,14268.836,1616
2021-11-10,14271.342,2506
2021-11-10,14272.764,1422
2021-11-10,14274.034,1270
2021-11-10,14276.166,2132
2021-11-10,14277.346,1180
2021-11-10,14290.021,12675
2021-11-10,14363.289,73268
2021-11-10,14364.792,1503
2021-11-10,14369.775,4983
2021-11-11,14371.309,1534
2021-11-11,14373.156,1847
2021-11-11,14374.147,991
2021-11-11,14375.538,1391
2021-11-11,14377.148,1610
2021-11-11,14379.259,2111
2021-11-11,14381.538,2279
2021-11-11,14383.24,1702
2021-11-11,14385.339,2099
2021-11-11,14386.376,1037
2021-11-11,14387.418,1042
2021-11-11,14388.936,1518
2021-11-11,14390.022,1086
2021-11-11,14390.824,802
2021-11-11,14391.424,600
2021-11-11,14392.07,646
2021-11-11,14392.76,690
2021-11-11,14394.016,1256
2021-11-11,14394.562,546
2021-11-11,14395.132,570
2021-11-11,14395.378,246
2021-11-11,14396.07,692
2021-11-11,14396.464,394
2021-11-11,14396.794,330
2021-11-11,14397.259,465
2021-11-11,14398.033,774
2021-11-11,14398.905,872
2021-11-11,14399.386,481
2021-11-11,14400.527,1141
2021-11-11,14401.141,614
2021-11-11,14402.29,1149
2021-11-11,14403.595,1305
2021-11-11,14404.345,750
2021-11-11,14405.262,917
2021-11-11,14407.179,1917
2021-11-11,14408.666,1487
2021-11-11,14410.221,1555
2021-11-11,14411.752,1531
2021-11-11,14416.014,4262
2021-11-11,14417.195,1181
2021-11-11,14418.728,1533
2021-11-11,14420.229,1501
2021-11-11,14422.656,2427
2021-11-11,14424.095,1439
2021-11-11,14425.456,1361
2021-11-11,14426.747,1291
2021-11-11,14428.076,1329
2021-11-11,14429.754,1678
2021-11-12,14430.875,1121
2021-11-12,14431.815,940
2021-11-12,14433.635,1820
2021-11-12,14434.737,1102
2021-11-12,14436.702,1965
2021-11-12,14437.958,1256
2021-11-12,14440.28,2322
2021-11-12,14442.432,2152
2021-11-12,14444.9,2468
2021-11-12,14446.298,1398
2021-11-12,14447.066,768
2021-11-12,14448.328,1262
2021-11-12,14449.284,956
2021-11-12,14449.731,447
2021-11-12,14450.426,695
2021-11-12,14450.668,242
2021-11-12,14450.946,278
2021-11-12,14451.247,301
2021-11-12,14451.52,273
2021-11-12,14452.203,683
2021-11-12,14453.068,865
2021-11-12,14453.273,205
2021-11-12,14453.64,367
2021-11-12,14454.057,417
2021-11-12,14454.323,266
2021-11-12,14454.725,402
2021-11-12,14455.984,1259
2021-11-12,14456.642,658
2021-11-12,14457.106,464
2021-11-12,14457.711,605
2021-11-12,14458.4,689
2021-11-12,14459.544,1144
2021-11-12,14460.461,917
2021-11-12,14461.73,1269
2021-11-12,14462.37,640
2021-11-12,14463.431,1061
2021-11-12,14464.9,1469
2021-11-12,14465.988,1088
2021-11-12,14467.459,1471
2021-11-12,14468.711,1252
2021-11-12,14470.397,1686
2021-11-12,14480.929,10532
2021-11-12,14492.408,11479
2021-11-12,15493.81,1001402
2021-11-12,15495.811,2001
2021-11-12,15498.341,2530
2021-11-12,15499.348,1007
2021-11-12,15500.735,1387
2021-11-13,15501.791,1056
2021-11-13,15502.884,1093
2021-11-13,15505.159,2275
2021-11-13,15506.366,1207
2021-11-13,15508.079,1713
2021-11-13,15509.459,1380
2021-11-13,15510.593,1134
2021-11-13,15511.396,803
2021-11-13,15512.909,1513
2021-11-13,15515.173,2264
2021-11-13,15516.88,1707
2021-11-13,15517.614,734
2021-11-13,15518.446,832
2021-11-13,15518.995,549
2021-11-13,15520.61,1615
2021-11-13,15521.085,475
2021-11-13,15521.226,141
2021-11-13,15521.824,598
2021-11-13,15522.397,573
2021-11-13,15522.866,469
2021-11-13,15523.394,528
2021-11-13,15525.206,1812
2021-11-13,15526.069,863
2021-11-13,15526.586,517
2021-11-13,15527.22,634
2021-11-13,15528.131,911
2021-11-13,15528.969,838
2021-11-13,15529.93,961
2021-11-13,15533.469,3539
2021-11-13,15534.112,643
2021-11-13,15535.125,1013
2021-11-13,15535.917,792
2021-11-13,15538.228,2311
2021-11-13,15540.24,2012
2021-11-13,15541.443,1203
2021-11-13,15543.683,2240
2021-11-13,15545.186,1503
2021-11-13,15546.61,1424
2021-11-13,15549.153,2543
2021-11-13,15551.079,1926
2021-11-13,15555.269,4190
2021-11-13,15556.87,1601
2021-11-13,15559.024,2154
2021-11-13,15560.541,1517
2021-11-13,15561.696,1155
2021-11-13,15564.181,2485
2021-11-13,15565.371,1190
2021-11-13,15566.374,1003
2021-11-14,15567.012,638
2021-11-14,15569.35,2338
2021-11-14,15570.173,823
2021-11-14,15571.593,1420
2021-11-14,15572.733,1140
2021-11-14,15573.854,1121
2021-11-14,15574.608,754
2021-11-14,15575.442,834
2021-11-14,15578.197,2755
2021-11-14,15579.044,847
2021-11-14,15579.903,859
2021-11-14,15580.579,676
2021-11-14,15581.186,607
2021-11-14,15584.075,2889
2021-11-14,15584.962,887
2021-11-14,15585.652,690
2021-11-14,15587.053,1401
2021-11-14,15587.854,801
2021-11-14,15588.183,329
2021-11-14,15588.792,609
2021-11-14,15589.366,574
2021-11-14,15589.915,549
2021-11-14,15591.489,1574
2021-11-14,15592.786,1297
2021-11-14,15593.436,650
2021-11-14,15594.478,1042
2021-11-14,15594.795,317
2021-11-14,15595.375,580
2021-11-14,15595.885,510
2021-11-14,15596.778,893
2021-11-14,15597.723,945
2021-11-14,15598.908,1185
2021-11-14,15601.609,2701
2021-11-14,15602.684,1075
2021-11-14,15603.564,880
2021-11-14,15604.873,1309
2021-11-14,15606.031,1158
2021-11-14,15607.054,1023
2021-11-14,15608.477,1423
2021-11-14,15609.713,1236
2021-11-14,15613.66,3947
2021-11-14,15615.271,1611
2021-11-14,15616.939,1668
2021-11-14,15619.416,2477
2021-11-14,15620.569,1153
2021-11-14,15622.33,1761
2021-11-14,15623.712,1382
2021-11-14,15625.572,1860
2021-11-15,15626.966,1394
2021-11-15,15628.304,1338
2021-11-15,15629.561,1257
2021-11-15,15630.935,1374
2021-11-15,15632.536,1601
2021-11-15,15634.606,2070
2021-11-15,15639.365,4759
2021-11-15,15640.717,1352
2021-11-15,15642.322,1605
2021-11-15,15645.16,2838
2021-11-15,15646.385,1225
2021-11-15,15647.089,704
2021-11-15,15647.974,885
2021-11-15,15648.837,863
2021-11-15,15649.077,240
2021-11-15,15649.384,307
2021-11-15,15650.16,776
2021-11-15,15650.453,293
2021-11-15,15651.131,678
2021-11-15,15651.296,165
2021-11-15,15651.915,619
2021-11-15,15652.32,405
2021-11-15,15652.848,528
2021-11-15,15653.365,517
2021-11-15,15653.765,400
2021-11-15,15654.033,268
2021-11-15,15654.863,830
2021-11-15,15655.257,394
2021-11-15,15656.035,778
2021-11-15,15657.145,1110
2021-11-15,15658.087,942
2021-11-15,15658.452,365
2021-11-15,15659.432,980
2021-11-15,15660.146,714
2021-11-15,15660.882,736
2021-11-15,15661.833,951
2021-11-15,15662.795,962
2021-11-15,15668.748,5953
2021-11-15,15669.369,621
2021-11-15,15669.961,592
2021-11-15,15670.751,790
2021-11-15,15672.124,1373
2021-11-15,15672.577,453
2021-11-15,15673.076,499
2021-11-15,15674.154,1078
2021-11-15,15679.456,5302
2021-11-15,15680.384,928
2021-11-15,15680.981,597
2021-11-16,15681.657,676
2021-11-16,15682.647,990
2021-11-16,15684.355,1708
2021-11-16,15685.319,964
2021-11-16,15727.294,41975
2021-11-16,15728.566,1272
2021-11-16,15729.799,1233
2021-11-16,15731.211,1412
2021-11-16,15734.298,3087
2021-11-16,15735.32,1022
2021-11-16,15736.368,1048
2021-11-16,15736.748,380
2021-11-16,15737.33,582
2021-11-16,15738.564,1234
2021-11-16,15740.916,2352
2021-11-16,15741.3,384
2021-11-16,15741.523,223
2021-11-16,15741.886,363
2021-11-16,15742.11,224
2021-11-16,15742.526,416
2021-11-16,15742.783,257
2021-11-16,15743.18,397
2021-11-16,15743.285,105
2021-11-16,15743.409,124
2021-11-16,15744.157,748
2021-11-16,15744.307,150
2021-11-16,15744.979,672
2021-11-16,15745.26,281
2021-11-16,15745.666,406
2021-11-16,15745.839,173
2021-11-16,15746.513,674
2021-11-16,15775.163,28650
2021-11-16,15775.626,463
2021-11-16,15776.53,904
2021-11-16,15777.028,498
2021-11-16,15777.533,505
2021-11-16,15865.015,87482
2021-11-16,15865.673,658
2021-11-16,15866.037,364
2021-11-16,15866.897,860
2021-11-16,15867.501,604
2021-11-16,15867.975,474
2021-11-16,15868.738,763
2021-11-16,15870.275,1537
2021-11-16,15872.197,1922
2021-11-16,15874.017,1820
2021-11-16,15876.102,2085
2021-11-16,15878.139,2037
2021-11-17,15879.543,1404
2021-11-17,15881.623,2080
2021-11-17,15883.193,1570
2021-11-17,15884.612,1419
2021-11-17,15886.423,1811
2021-11-17,15888.165,1742
2021-11-17,15888.829,664
2021-11-17,15890.056,1227
2021-11-17,15891.495,1439
2021-11-17,15892.159,664
2021-11-17,15893.548,1389
2021-11-17,15894.986,1438
2021-11-17,15895.797,811
2021-11-17,15897.674,1877
2021-11-17,15898.831,1157
2021-11-17,15900.11,1279
2021-11-17,15901.373,1263
2021-11-17,15901.694,321
2021-11-17,15901.961,267
2021-11-17,15902.365,404
2021-11-17,15902.694,329
2021-11-17,15903.511,817
2021-11-17,15903.788,277
2021-11-17,15904.301,513
2021-11-17,15904.654,353
2021-11-17,15905.933,1279
2021-11-17,15906.477,544
2021-11-17,15906.977,500
2021-11-17,15907.53,553
2021-11-17,15907.986,456
2021-11-17,15908.737,751
2021-11-17,15909.408,671
2021-11-17,15910.009,601
2021-11-17,15910.604,595
2021-11-17,15911.833,1229
2021-11-17,15912.448,615
2021-11-17,15913.604,1156
2021-11-17,15914.253,649
2021-11-17,15914.929,676
2021-11-17,15915.923,994
2021-11-17,15916.924,1001
2021-11-17,15917.635,711
2021-11-17,15918.365,730
2021-11-17,15919,635
2021-11-17,15920.49,1490
2021-11-17,16090.667,170177
2021-11-17,16094.482,3815
2021-11-17,16105.229,10747
2021-11-18,16105.947,718
2021-11-18,16106.398,451
2021-11-18,16106.911,513
2021-11-18,16107.833,922
2021-11-18,16108.541,708
2021-11-18,16109.1,559
2021-11-18,16110.2,1100
2021-11-18,16111.322,1122
2021-11-18,16112.12,798
2021-11-18,16119.039,6919
2021-11-18,16120.015,976
2021-11-18,16120.427,412
2021-11-18,16121.785,1358
2021-11-18,16122.366,581
2021-11-18,16122.789,423
2021-11-18,16123.021,232
2021-11-18,16123.123,102
2021-11-18,16123.33,207
2021-11-18,16123.735,405
2021-11-18,16124.217,482
2021-11-18,16125.126,909
2021-11-18,16125.532,406
2021-11-18,16125.856,324
2021-11-18,16126.177,321
2021-11-18,16126.3,123
2021-11-18,16126.51,210
2021-11-18,16126.926,416
2021-11-18,16127.47,544
2021-11-18,16128.346,876
2021-11-18,16128.748,402
2021-11-18,16129.196,448
2021-11-18,16129.956,760
2021-11-18,16130.691,735
2021-11-18,16131.368,677
2021-11-18,16133.006,1638
2021-11-18,16133.65,644
2021-11-18,16134.392,742
2021-11-18,16135.193,801
2021-11-18,16135.778,585
2021-11-18,16137.344,1566
2021-11-18,16138.019,675
2021-11-18,16138.579,560
2021-11-18,16139.561,982
2021-11-18,16140.602,1041
2021-11-18,16141.29,688
2021-11-18,16143.345,2055
2021-11-18,16143.998,653
2021-11-18,16145.439,1441
2021-11-19,16146.22,781
2021-11-19,16149.433,3213
2021-11-19,16150.033,600
2021-11-19,16150.584,551
2021-11-19,16154.19,3606
2021-11-19,16154.77,580
2021-11-19,16156.098,1328
2021-11-19,16157.202,1104
2021-11-19,16158.917,1715
2021-11-19,16159.511,594
2021-11-19,16160.215,704
2021-11-19,16161.459,1244
2021-11-19,16161.955,496
2021-11-19,16162.249,294
2021-11-19,16163.114,865
2021-11-19,16163.712,598
2021-11-19,16174.095,10383
2021-11-19,16174.391,296
2021-11-19,16174.995,604
2021-11-19,16175.163,168
2021-11-19,16175.321,158
2021-11-19,16175.616,295
2021-11-19,16176.305,689
2021-11-19,16176.776,471
2021-11-19,16177.112,336
2021-11-19,16177.658,546
2021-11-19,16177.827,169
2021-11-19,16178.334,507
2021-11-19,16179.033,699
2021-11-19,16179.505,472
2021-11-19,16179.915,410
2021-11-19,16180.692,777
2021-11-19,16181.216,524
2021-11-19,16182.993,1777
2021-11-19,16184.126,1133
2021-11-19,16185.038,912
2021-11-19,16186.14,1102
2021-11-19,16186.521,381
2021-11-19,16187.382,861
2021-11-19,16188.246,864
2021-11-19,16188.845,599
2021-11-19,16189.934,1089
2021-11-19,16190.71,776
2021-11-19,16191.325,615
2021-11-19,16192.265,940
2021-11-19,16192.891,626
2021-11-19,16193.851,960
2021-11-19,16194.57,719
2021-11-20,16195.175,605
2021-11-20,16196.101,926
2021-11-20,16196.623,522
2021-11-20,16197.161,538
2021-11-20,16198.013,852
2021-11-20,16199.546,1533
2021-11-20,16201.573,2027
2021-11-20,16202.792,1219
2021-11-20,16204.997,2205
2021-11-20,16205.706,709
2021-11-20,16206.494,788
2021-11-20,16206.787,293
2021-11-20,16207.195,408
2021-11-20,16207.81,615
2021-11-20,16207.966,156
2021-11-20,16208.282,316
2021-11-20,16208.583,301
2021-11-20,16209.174,591
2021-11-20,16209.674,500
2021-11-20,16210.061,387
2021-11-20,16210.328,267
2021-11-20,16210.952,624
2021-11-20,16211.263,311
2021-11-20,16211.787,524
2021-11-20,16212.042,255
2021-11-20,16212.31,268
2021-11-20,16212.832,522
2021-11-20,16213.405,573
2021-11-20,16215.715,2310
2021-11-20,16216.046,331
2021-11-20,16217.058,1012
2021-11-20,16218.476,1418
2021-11-20,16219.421,945
2021-11-20,16220.734,1313
2021-11-20,16221.167,433
2021-11-20,16221.919,752
2021-11-20,16253.022,31103
2021-11-20,16253.636,614
2021-11-20,16254.727,1091
2021-11-20,16255.89,1163
2021-11-20,16257.477,1587
2021-11-20,16258.388,911
2021-11-20,16259.687,1299
2021-11-20,16260.396,709
2021-11-20,16261.083,687
2021-11-20,16262.488,1405
2021-11-20,16263.037,549
2021-11-20,16263.472,435
2021-11-21,16264.239,767
2021-11-21,16265.746,1507
2021-11-21,16266.944,1198
2021-11-21,16267.118,174
2021-11-21,16267.661,543
2021-11-21,16268.268,607
2021-11-21,16268.871,603
2021-11-21,16269.89,1019
2021-11-21,16270.502,612
2021-11-21,16270.864,362
2021-11-21,16271.611,747
2021-11-21,16272.36,749
2021-11-21,16272.983,623
2021-11-21,16273.676,693
2021-11-21,16273.96,284
2021-11-21,16274.256,296
2021-11-21,16274.542,286
2021-11-21,16274.804,262
2021-11-21,16275.104,300
2021-11-21,16275.822,718
2021-11-21,16276.09,268
2021-11-21,16276.322,232
2021-11-21,16276.49,168
2021-11-21,16276.89,400
2021-11-21,16277.026,136
2021-11-21,16277.361,335
2021-11-21,16277.842,481
2021-11-21,16278.448,606
2021-11-21,16278.94,492
2021-11-21,16279.339,399
2021-11-21,16279.747,408
2021-11-21,16280.601,854
2021-11-21,16280.996,395
2021-11-21,16281.529,533
2021-11-21,16282.26,731
2021-11-21,16282.887,627
2021-11-21,16284.283,1396
2021-11-21,16285.411,1128
2021-11-21,16285.8,389
2021-11-21,16286.524,724
2021-11-21,16287.53,1006
2021-11-21,16288.474,944
2021-11-21,16289.11,636
2021-11-21,16292.249,3139
2021-11-21,16292.894,645
2021-11-21,16293.359,465
2021-11-21,16294.953,1594
2021-11-21,16296.26,1307
2021-11-22,16296.785,525
2021-11-22,16297.77,985
2021-11-22,16298.59,820
2021-11-22,16299.667,1077
2021-11-22,16300.201,534
2021-11-22,16301.231,1030
2021-11-22,16301.721,490
2021-11-22,16302.704,983
2021-11-22,16303.477,773
2021-11-22,16304.17,693
2021-11-22,16304.601,431
2021-11-22,16305.674,1073
2021-11-22,16307.009,1335
2021-11-22,16307.194,185
2021-11-22,16307.285,91
2021-11-22,16307.67,385
2021-11-22,16307.788,118
2021-11-22,16307.9,112
2021-11-22,16308.131,231
2021-11-22,16308.437,306
2021-11-22,16308.588,151
2021-11-22,16308.711,123
2021-11-22,16308.916,205
2021-11-22,16309.032,116
2021-11-22,16309.364,332
2021-11-22,16309.515,151
2021-11-22,16309.793,278
2021-11-22,16317.371,7578
2021-11-22,16317.537,166
2021-11-22,16317.809,272
2021-11-22,16318.217,408
2021-11-22,16318.373,156
2021-11-22,16318.627,254
2021-11-22,16318.937,310
2021-11-22,16319.826,889
2021-11-22,16320.35,524
2021-11-22,16320.699,349
2021-11-22,16321.197,498
2021-11-22,16325.214,4017
2021-11-22,16326.056,842
2021-11-22,16327.24,1184
2021-11-22,16328.026,786
2021-11-22,16328.658,632
2021-11-22,16329.569,911
2021-11-22,16330.394,825
2021-11-22,16331.443,1049
2021-11-22,16332.388,945
2021-11-22,16333.089,701
2021-11-23,16333.57,481
2021-11-23,16334.879,1309
2021-11-23,16336.339,1460
2021-11-23,16337.51,1171
2021-11-23,16338.348,838
2021-11-23,16338.905,557
2021-11-23,16339.781,876
2021-11-23,16340.26,479
2021-11-23,16341.016,756
2021-11-23,16341.789,773
2021-11-23,16342.357,568
2021-11-23,16342.693,336
2021-11-23,16344.006,1313
2021-11-23,16344.226,220
2021-11-23,16344.667,441
2021-11-23,16345.297,630
2021-11-23,16345.696,399
2021-11-23,16345.865,169
2021-11-23,16348.543,2678
2021-11-23,16348.93,387
2021-11-23,16349.142,212
2021-11-23,16349.361,219
2021-11-23,16350.613,1252
2021-11-23,16351.692,1079
2021-11-23,16351.751,59
2021-11-23,16352.18,429
2021-11-23,16352.453,273
2021-11-23,16352.965,512
2021-11-23,16353.262,297
2021-11-23,16353.553,291
2021-11-23,16353.705,152
2021-11-23,16354.094,389
2021-11-23,16354.964,870
2021-11-23,16355.224,260
2021-11-23,16355.604,380
2021-11-23,16356.275,671
2021-11-23,16357.478,1203
2021-11-23,16358.107,629
2021-11-23,16362.263,4156
2021-11-23,16362.714,451
2021-11-23,16363.662,948
2021-11-23,16364.481,819
2021-11-23,16379.885,15404
2021-11-23,16381.714,1829
2021-11-23,16382.479,765
2021-11-23,16383.001,522
2021-11-23,16383.483,482
2021-11-23,16384.144,661
2021-11-24,16384.53,386
2021-11-24,16384.765,235
2021-11-24,16385.157,392
2021-11-24,16385.497,340
2021-11-24,16386.065,568
2021-11-24,16386.558,493
2021-11-24,16387.171,613
2021-11-24,16387.427,256
2021-11-24,16389.156,1729
2021-11-24,16389.989,833
2021-11-24,16390.285,296
2021-11-24,16390.686,401
2021-11-24,16391.744,1058
2021-11-24,16392.029,285
2021-11-24,16392.214,185
2021-11-24,16392.378,164
2021-11-24,16392.541,163
2021-11-24,16392.682,141
2021-11-24,16392.812,130
2021-11-24,16393.443,631
2021-11-24,16393.725,282
2021-11-24,16393.875,150
2021-11-24,16394.006,131
2021-11-24,16394.126,120
2021-11-24,16394.188,62
2021-11-24,16394.413,225
2021-11-24,16395.159,746
2021-11-24,16395.352,193
2021-11-24,16396.229,877
2021-11-24,16396.471,242
2021-11-24,16397.178,707
2021-11-24,16397.539,361
2021-11-24,16398.423,884
2021-11-24,16399.362,939
2021-11-24,16400.052,690
2021-11-24,16402.439,2387
2021-11-24,16402.796,357
2021-11-24,16432.003,29207
2021-11-24,16433.282,1279
2021-11-24,16433.724,442
2021-11-24,16433.865,141
2021-11-24,16455.08,21215
2021-11-24,16455.441,361
2021-11-24,16456.949,1508
2021-11-24,16457.682,733
2021-11-24,16458.365,683
2021-11-24,16459.227,862
2021-11-24,16459.873,646
2021-11-25,16460.822,949
2021-11-25,16461.471,649
2021-11-25,16462.271,800
2021-11-25,16462.823,552
2021-11-25,16464.419,1596
2021-11-25,16465.118,699
2021-11-25,16465.645,527
2021-11-25,16466.595,950
2021-11-25,16468.036,1441
2021-11-25,16468.727,691
2021-11-25,16469.262,535
2021-11-25,16469.62,358
2021-11-25,16469.934,314
2021-11-25,16470.362,428
2021-11-25,16470.744,382
2021-11-25,16471.647,903
2021-11-25,16472.053,406
2021-11-25,16472.407,354
2021-11-25,16472.772,365
2021-11-25,16472.923,151
2021-11-25,16473.071,148
2021-11-25,16473.249,178
2021-11-25,16473.501,252
2021-11-25,16474.172,671
2021-11-25,16474.469,297
2021-11-25,16474.972,503
2021-11-25,16475.313,341
2021-11-25,16475.743,430
2021-11-25,16476.046,303
2021-11-25,16476.275,229
2021-11-25,16476.823,548
2021-11-25,16477.592,769
2021-11-25,16478.643,1051
2021-11-25,16479.461,818
2021-11-25,16480.191,730
2021-11-25,16480.963,772
2021-11-25,16481.668,705
2021-11-25,16482.874,1206
2021-11-25,16483.842,968
2021-11-25,16484.51,668
2021-11-25,16485.27,760
2021-11-25,16488.531,3261
2021-11-25,16489.611,1080
2021-11-25,16490.561,950
2021-11-25,16491.285,724
2021-11-25,16492.566,1281
2021-11-25,16493.789,1223
2021-11-25,16495.192,1403
2021-11-26,16496.017,825
2021-11-26,16496.674,657
2021-11-26,16497.141,467
2021-11-26,16497.811,670
2021-11-26,16498.522,711
2021-11-26,16499.166,644
2021-11-26,16500.108,942
2021-11-26,16500.961,853
2021-11-26,16501.455,494
2021-11-26,16504.094,2639
2021-11-26,16504.639,545
2021-11-26,16504.91,271
2021-11-26,16505.325,415
2021-11-26,16505.673,348
2021-11-26,16506.065,392
2021-11-26,16506.366,301
2021-11-26,16506.797,431
2021-11-26,16507.229,432
2021-11-26,16507.535,306
2021-11-26,16507.769,234
2021-11-26,16508.067,298
2021-11-26,16508.326,259
2021-11-26,16508.408,82
2021-11-26,16508.543,135
2021-11-26,16508.882,339
2021-11-26,16509.165,283
2021-11-26,16509.225,60
2021-11-26,16509.469,244
2021-11-26,16510.078,609
2021-11-26,16510.62,542
2021-11-26,16511.112,492
2021-11-26,16511.356,244
2021-11-26,16511.942,586
2021-11-26,16512.448,506
2021-11-26,16513.623,1175
2021-11-26,16515.917,2294
2021-11-26,16516.958,1041
2021-11-26,16518.069,1111
2021-11-26,16519.467,1398
2021-11-26,16520.164,697
2021-11-26,16527.223,7059
2021-11-26,16527.931,708
2021-11-26,16529.792,1861
2021-11-26,16530.398,606
2021-11-26,16531.428,1030
2021-11-26,16532.401,973
2021-11-26,16532.957,556
2021-11-26,16533.565,608
2021-11-27,16535.451,1886
2021-11-27,16536.51,1059
2021-11-27,16537.65,1140
2021-11-27,16538.239,589
2021-11-27,16538.933,694
2021-11-27,16539.73,797
2021-11-27,16540.25,520
2021-11-27,16541.243,993
2021-11-27,16542.144,901
2021-11-27,16542.551,407
2021-11-27,16543.069,518
2021-11-27,16544.296,1227
2021-11-27,16545.05,754
2021-11-27,16545.32,270
2021-11-27,16545.832,512
2021-11-27,16546.01,178
2021-11-27,16546.13,120
2021-11-27,16546.461,331
2021-11-27,16546.581,120
2021-11-27,16546.927,346
2021-11-27,16547.325,398
2021-11-27,16547.777,452
2021-11-27,16548.057,280
2021-11-27,16548.899,842
2021-11-27,16549.432,533
2021-11-27,16549.703,271
2021-11-27,16550.431,728
2021-11-27,16550.96,529
2021-11-27,16551.622,662
2021-11-27,16565.602,13980
2021-11-27,16566.194,592
2021-11-27,16566.86,666
2021-11-27,16567.679,819
2021-11-27,16568.602,923
2021-11-27,16569.693,1091
2021-11-27,16570.069,376
2021-11-27,16570.775,706
2021-11-27,16571.641,866
2021-11-27,16572.713,1072
2021-11-27,16573.692,979
2021-11-27,16574.824,1132
2021-11-27,16575.608,784
2021-11-27,16577.133,1525
2021-11-27,16578.018,885
2021-11-27,16580.541,2523
2021-11-27,16581.222,681
2021-11-27,16581.85,628
2021-11-27,16582.599,749
2021-11-28,16583.276,677
2021-11-28,16583.99,714
2021-11-28,16584.308,318
2021-11-28,16585.019,711
2021-11-28,16586.134,1115
2021-11-28,16586.833,699
2021-11-28,16587.126,293
2021-11-28,16588.374,1248
2021-11-28,16589.3,926
2021-11-28,16590.718,1418
2021-11-28,16591.4,682
2021-11-28,16592.042,642
2021-11-28,16592.582,540
2021-11-28,16593.147,565
2021-11-28,16593.939,792
2021-11-28,16594.554,615
2021-11-28,16595.767,1213
2021-11-28,16596.065,298
2021-11-28,16596.513,448
2021-11-28,16596.945,432
2021-11-28,16597.153,208
2021-11-28,16597.619,466
2021-11-28,16597.963,344
2021-11-28,16598.383,420
2021-11-28,16598.657,274
2021-11-28,16599.158,501
2021-11-28,16599.522,364
2021-11-28,16600.166,644
2021-11-28,16600.564,398
2021-11-28,16601.069,505
2021-11-28,16601.948,879
2021-11-28,16602.8,852
2021-11-28,16603.523,723
2021-11-28,16604.066,543
2021-11-28,16604.756,690
2021-11-28,16605.543,787
2021-11-28,16606.985,1442
2021-11-28,16607.954,969
2021-11-28,16609.593,1639
2021-11-28,16613.382,3789
2021-11-28,16613.998,616
2021-11-28,16615.401,1403
2021-11-28,16616.462,1061
2021-11-28,16617.964,1502
2021-11-28,16619.185,1221
2021-11-28,16620.2,1015
2021-11-28,16621.94,1740
2021-11-28,16623.067,1127
2021-11-29,16624.732,1665
2021-11-29,16625.532,800
2021-11-29,16626.593,1061
2021-11-29,16627.197,604
2021-11-29,16628.785,1588
2021-11-29,16629.807,1022
2021-11-29,16630.609,802
2021-11-29,16632.116,1507
2021-11-29,16632.641,525
2021-11-29,16633.121,480
2021-11-29,16633.93,809
2021-11-29,16634.348,418
2021-11-29,16634.731,383
2021-11-29,16636.186,1455
2021-11-29,16636.316,130
2021-11-29,16636.729,413
2021-11-29,16636.881,152
2021-11-29,16638.213,1332
2021-11-29,16638.278,65
2021-11-29,16638.499,221
2021-11-29,16638.826,327
2021-11-29,16639.153,327
2021-11-29,16639.24,87
2021-11-29,16639.55,310
2021-11-29,16639.763,213
2021-11-29,16640.226,463
2021-11-29,16640.612,386
2021-11-29,16640.904,292
2021-11-29,16641.169,265
2021-11-29,16642.072,903
2021-11-29,16642.257,185
2021-11-29,16642.702,445
2021-11-29,16645.671,2969
2021-11-29,16653.86,8189
2021-11-29,16654.814,954
2021-11-29,16655.224,410
2021-11-29,16655.761,537
2021-11-29,16656.523,762
2021-11-29,16658.533,2010
2021-11-29,16665.871,7338
2021-11-29,16666.676,805
2021-11-29,16667.157,481
2021-11-29,16667.534,377
2021-11-29,16668.359,825
2021-11-29,16669.2,841
2021-11-29,16669.385,185
2021-11-29,16684.763,15378
2021-11-29,16685.527,764
2021-11-30,17037.055,351528
2021-11-30,17037.817,762
2021-11-30,17038.524,707
2021-11-30,17039.887,1363
2021-11-30,17044.548,4661
2021-11-30,17045.584,1036
2021-11-30,17047.996,2412
2021-11-30,17050.466,2470
2021-11-30,17051.139,673
2021-11-30,17051.601,462
2021-11-30,17052.218,617
2021-11-30,17052.925,707
2021-11-30,17053.255,330
2021-11-30,17053.616,361
2021-11-30,17054.886,1270
2021-11-30,17055.061,175
2021-11-30,17055.312,251
2021-11-30,17055.372,60
2021-11-30,17056.643,1271
2021-11-30,17057.349,706
2021-11-30,17057.737,388
2021-11-30,17057.795,58
2021-11-30,17057.916,121
2021-11-30,17058.151,235
2021-11-30,17058.698,547
2021-11-30,17060.393,1695
2021-11-30,17061.17,777
2021-11-30,17062.748,1578
2021-11-30,17063.461,713
2021-11-30,17065.065,1604
2021-11-30,17065.919,854
2021-11-30,17066.793,874
2021-11-30,17069.029,2236
2021-11-30,17070.591,1562
2021-11-30,17072.036,1445
2021-11-30,17072.884,848
2021-11-30,17075.249,2365
2021-11-30,17077.27,2021
2021-11-30,17079.658,2388
2021-11-30,17081.908,2250
2021-11-30,17083.285,1377
2021-11-30,17091.815,8530
2021-11-30,17092.672,857
2021-11-30,17095.895,3223
2021-11-30,17097.822,1927
2021-11-30,17100.362,2540
2021-11-30,17102.697,2335
2021-11-30,17104.924,2227
2021-12-01,17108.716,3792
2021-12-01,17111.446,2730
2021-12-01,17114.148,2702
2021-12-01,17116.678,2530
2021-12-01,17119.431,2753
2021-12-01,17125.302,5871
2021-12-01,17129.011,3709
2021-12-01,17132.651,3640
2021-12-01,17137.11,4459
2021-12-01,17139.235,2125
2021-12-01,17143.306,4071
2021-12-01,17145.033,1727
2021-12-01,17146.43,1397
2021-12-01,17147.102,672
2021-12-01,17148.088,986
2021-12-01,17150.537,2449
2021-12-01,17150.751,214
2021-12-01,17150.952,201
2021-12-01,17151.143,191
2021-12-01,17151.236,93
2021-12-01,17208.672,57436
2021-12-01,17209.17,498
2021-12-01,17209.435,265
2021-12-01,17210.251,816
2021-12-01,17210.616,365
2021-12-01,17210.973,357
2021-12-01,17211.245,272
2021-12-01,17211.597,352
2021-12-01,17212.171,574
2021-12-01,17212.534,363
2021-12-01,17213.223,689
2021-12-01,17213.777,554
2021-12-01,17214.142,365
2021-12-01,17214.837,695
2021-12-01,17215.631,794
2021-12-01,17216.354,723
2021-12-01,17217.331,977
2021-12-01,17219.58,2249
2021-12-01,17245.851,26271
2021-12-01,17246.473,622
2021-12-01,17308.025,61552
2021-12-01,17308.784,759
2021-12-01,17309.141,357
2021-12-01,17310.073,932
2021-12-01,17311.338,1265
2021-12-01,17311.913,575
2021-12-01,17312.39,477
2021-12-01,17312.796,406
2021-12-02,17313.247,451
2021-12-02,17315.781,2534
2021-12-02,17316.543,762
2021-12-02,17317.618,1075
2021-12-02,17318.671,1053
2021-12-02,17329.495,10824
2021-12-02,17332.472,2977
2021-12-02,17333.452,980
2021-12-02,17334.505,1053
2021-12-02,17336.132,1627
2021-12-02,17336.712,580
2021-12-02,17337.651,939
2021-12-02,17339.427,1776
2021-12-02,17339.692,265
2021-12-02,17340.739,1047
2021-12-02,17340.984,245
2021-12-02,17341.164,180
2021-12-02,17341.476,312
2021-12-02,17341.887,411
2021-12-02,17342.037,150
2021-12-02,17342.315,278
2021-12-02,17342.486,171
2021-12-02,17342.59,104
2021-12-02,17342.801,211
2021-12-02,17342.927,126
2021-12-02,17343.115,188
2021-12-02,17343.277,162
2021-12-02,17343.802,525
2021-12-02,17344.009,207
2021-12-02,17344.303,294
2021-12-02,17344.682,379
2021-12-02,17345.133,451
2021-12-02,17345.512,379
2021-12-02,17373.052,27540
2021-12-02,17399.043,25991
2021-12-02,17399.42,377
2021-12-02,17400.989,1569
2021-12-02,17402.937,1948
2021-12-02,17403.466,529
2021-12-02,17404.067,601
2021-12-02,17404.781,714
2021-12-02,17405.3,519
2021-12-02,17405.746,446
2021-12-02,17408.156,2410
2021-12-02,17408.601,445
2021-12-02,17410.166,1565
2021-12-02,17411.758,1592
2021-12-02,17420.328,8570
2021-12-03,17421.145,817
2021-12-03,17422.062,917
2021-12-03,17422.875,813
2021-12-03,17423.742,867
2021-12-03,17424.458,716
2021-12-03,17426.166,1708
2021-12-03,17426.597,431
2021-12-03,17427.288,691
2021-12-03,17427.873,585
2021-12-03,17428.417,544
2021-12-03,17428.823,406
2021-12-03,17429.519,696
2021-12-03,17429.918,399
2021-12-03,17430.337,419
2021-12-03,17431.084,747
2021-12-03,17431.51,426
2021-12-03,17431.815,305
2021-12-03,17431.954,139
2021-12-03,17432.015,61
2021-12-03,17432.209,194
2021-12-03,17432.409,200
2021-12-03,17432.451,42
2021-12-03,17433.043,592
2021-12-03,17433.281,238
2021-12-03,17433.506,225
2021-12-03,17433.839,333
2021-12-03,17433.89,51
2021-12-03,17434.556,666
2021-12-03,17434.671,115
2021-12-03,17435.127,456
2021-12-03,17435.615,488
2021-12-03,17435.999,384
2021-12-03,17437.181,1182
2021-12-03,17462.646,25465
2021-12-03,17463.219,573
2021-12-03,17463.962,743
2021-12-03,17464.719,757
2021-12-03,17468.251,3532
2021-12-03,17469.393,1142
2021-12-03,17470.352,959
2021-12-03,17470.927,575
2021-12-03,17471.715,788
2021-12-03,17472.814,1099
2021-12-03,17474.295,1481
2021-12-03,17474.807,512
2021-12-03,17475.641,834
2021-12-03,17476.264,623
2021-12-03,17476.733,469
2021-12-04,17477.106,373
2021-12-04,17477.805,699
2021-12-04,17478.286,481
2021-12-04,17479.1,814
2021-12-04,17479.725,625
2021-12-04,17480.079,354
2021-12-04,17480.295,216
2021-12-04,17480.827,532
2021-12-04,17482.895,2068
2021-12-04,17484.37,1475
2021-12-04,17484.881,511
2021-12-04,17485.177,296
2021-12-04,17485.722,545
2021-12-04,17486.088,366
2021-12-04,17486.417,329
2021-12-04,17486.711,294
2021-12-04,17487.058,347
2021-12-04,17487.323,265
2021-12-04,17487.401,78
2021-12-04,17488.116,715
2021-12-04,17489.437,1321
2021-12-04,17489.577,140
2021-12-04,17489.863,286
2021-12-04,17490.295,432
2021-12-04,17490.473,178
2021-12-04,17490.83,357
2021-12-04,17491.297,467
2021-12-04,17491.501,204
2021-12-04,17491.901,400
2021-12-04,17492.756,855
2021-12-04,17494.172,1416
2021-12-04,17494.756,584
2021-12-04,17495.226,470
2021-12-04,17497.118,1892
2021-12-04,17498.013,895
2021-12-04,17498.558,545
2021-12-04,17500.203,1645
2021-12-04,17501.274,1071
2021-12-04,17502.66,1386
2021-12-04,17503.516,856
2021-12-04,17504.055,539
2021-12-04,17505.303,1248
2021-12-04,17506.26,957
2021-12-04,17506.927,667
2021-12-04,17507.753,826
2021-12-04,17508.561,808
2021-12-04,17508.879,318
2021-12-04,17509.771,892
2021-12-05,17510.75,979
2021-12-05,17511.95,1200
2021-12-05,17512.52,570
2021-12-05,17513.684,1164
2021-12-05,17514.069,385
2021-12-05,17514.682,613
2021-12-05,17515.431,749
2021-12-05,17516.246,815
2021-12-05,17516.678,432
2021-12-05,17516.99,312
2021-12-05,17518.096,1106
2021-12-05,17518.66,564
2021-12-05,17518.953,293
2021-12-05,17519.048,95
2021-12-05,17519.308,260
2021-12-05,17519.751,443
2021-12-05,17519.946,195
2021-12-05,17520.11,164
2021-12-05,17520.245,135
2021-12-05,17520.432,187
2021-12-05,17520.822,390
2021-12-05,17520.93,108
2021-12-05,17521.244,314
2021-12-05,17521.423,179
2021-12-05,17522.211,788
2021-12-05,17522.69,479
2021-12-05,17523.077,387
2021-12-05,17523.372,295
2021-12-05,17523.962,590
2021-12-05,17524.849,887
2021-12-05,17525.221,372
2021-12-05,17531.042,5821
2021-12-05,17531.504,462
2021-12-05,17532.463,959
2021-12-05,17533.505,1042
2021-12-05,17535.093,1588
2021-12-05,17536.087,994
2021-12-05,17537.062,975
2021-12-05,17538.132,1070
2021-12-05,17538.999,867
2021-12-05,17539.813,814
2021-12-05,17540.28,467
2021-12-05,17540.854,574
2021-12-05,17541.734,880
2021-12-05,17542.906,1172
2021-12-05,17543.657,751
2021-12-05,17544.394,737
2021-12-05,17544.884,490
2021-12-06,17545.6,716
2021-12-06,17556.366,10766
2021-12-06,17557.397,1031
2021-12-06,17559.941,2544
2021-12-06,17563.418,3477
2021-12-06,17564.605,1187
2021-12-06,17565.476,871
2021-12-06,17566.82,1344
2021-12-06,17567.321,501
2021-12-06,17568.839,1518
2021-12-06,17569.615,776
2021-12-06,17570.51,895
2021-12-06,17581.068,10558
2021-12-06,17581.361,293
2021-12-06,17581.566,205
2021-12-06,17581.823,257
2021-12-06,17581.908,85
2021-12-06,17581.993,85
2021-12-06,17582.626,633
2021-12-06,17582.726,100
2021-12-06,17582.876,150
2021-12-06,17583.062,186
2021-12-06,17583.65,588
2021-12-06,17583.86,210
2021-12-06,17584.205,345
2021-12-06,17584.32,115
2021-12-06,17585.165,845
2021-12-06,17585.251,86
2021-12-06,17585.887,636
2021-12-06,17586.696,809
2021-12-06,17586.932,236
2021-12-06,17587.842,910
2021-12-06,17603.007,15165
2021-12-06,17603.692,685
2021-12-06,17606.61,2918
2021-12-06,17607.27,660
2021-12-06,17608.741,1471
2021-12-06,17610.163,1422
2021-12-06,17610.478,315
2021-12-06,17611.158,680
2021-12-06,17611.571,413
2021-12-06,17613.103,1532
2021-12-06,17613.631,528
2021-12-06,17614.282,651
2021-12-06,17615.72,1438
2021-12-06,17626.073,10353
2021-12-06,17630.2,4127
2021-12-06,17630.894,694
2021-12-07,17631.263,369
2021-12-07,17631.703,440
2021-12-07,17635.188,3485
2021-12-07,17636.947,1759
2021-12-07,17638.167,1220
2021-12-07,17639.341,1174
2021-12-07,17639.9,559
2021-12-07,17640.584,684
2021-12-07,17641.521,937
2021-12-07,17641.985,464
2021-12-07,17642.155,170
2021-12-07,17642.962,807
2021-12-07,17643.336,374
2021-12-07,17643.531,195
2021-12-07,17643.806,275
2021-12-07,17644.029,223
2021-12-07,17644.112,83
2021-12-07,17644.219,107
2021-12-07,17644.317,98
2021-12-07,17644.477,160
2021-12-07,17644.537,60
2021-12-07,17644.833,296
2021-12-07,17644.895,62
2021-12-07,17645.196,301
2021-12-07,17645.262,66
2021-12-07,17645.487,225
2021-12-07,17645.732,245
2021-12-07,17646.157,425
2021-12-07,17646.305,148
2021-12-07,17646.467,162
2021-12-07,17646.709,242
2021-12-07,17647.152,443
2021-12-07,17648.186,1034
2021-12-07,17648.39,204
2021-12-07,17650.171,1781
2021-12-07,17650.581,410
2021-12-07,17651.89,1309
2021-12-07,17654.139,2249
2021-12-07,17654.45,311
2021-12-07,17654.828,378
2021-12-07,17656.951,2123
2021-12-07,17657.401,450
2021-12-07,17658.548,1147
2021-12-07,17662.134,3586
2021-12-07,17663.077,943
2021-12-07,17663.653,576
2021-12-07,17664.442,789
2021-12-07,17665.384,942
2021-12-08,17666.146,762
2021-12-08,17666.938,792
2021-12-08,17667.493,555
2021-12-08,17668.098,605
2021-12-08,17669.529,1431
2021-12-08,17670.445,916
2021-12-08,17671.878,1433
2021-12-08,17673.908,2030
2021-12-08,17677.592,3684
2021-12-08,17679.287,1695
2021-12-08,17680.138,851
2021-12-08,17680.616,478
2021-12-08,17681.3,684
2021-12-08,17681.833,533
2021-12-08,17681.933,100
2021-12-08,17682.224,291
2021-12-08,17682.251,27
2021-12-08,17682.354,103
2021-12-08,17682.539,185
2021-12-08,17682.684,145
2021-12-08,17683.049,365
2021-12-08,17683.198,149
2021-12-08,17683.31,112
2021-12-08,17683.578,268
2021-12-08,17683.912,334
2021-12-08,17684.082,170
2021-12-08,17684.357,275
2021-12-08,17684.817,460
2021-12-08,17684.984,167
2021-12-08,17686.134,1150
2021-12-08,17686.335,201
2021-12-08,17687.074,739
2021-12-08,17689.764,2690
2021-12-08,17690.132,368
2021-12-08,17690.97,838
2021-12-08,17691.391,421
2021-12-08,17692.172,781
2021-12-08,17692.697,525
2021-12-08,17693.711,1014
2021-12-08,17694.075,364
2021-12-08,17694.62,545
2021-12-08,17695.024,404
2021-12-08,17696.056,1032
2021-12-08,17696.351,295
2021-12-08,17697.464,1113
2021-12-08,17698.304,840
2021-12-08,17699.26,956
2021-12-08,17702.112,2852
2021-12-09,17702.408,296
2021-12-09,17702.738,330
2021-12-09,17703.706,968
2021-12-09,17704.205,499
2021-12-09,17705.109,904
2021-12-09,17706.55,1441
2021-12-09,17707.18,630
2021-12-09,17707.779,599
2021-12-09,17709.27,1491
2021-12-09,17710.027,757
2021-12-09,17711.112,1085
2021-12-09,17711.625,513
2021-12-09,17711.883,258
2021-12-09,17712.119,236
2021-12-09,17712.348,229
2021-12-09,17712.439,91
2021-12-09,17712.754,315
2021-12-09,17713.011,257
2021-12-09,17713.179,168
2021-12-09,17713.309,130
2021-12-09,17713.613,304
2021-12-09,17713.651,38
2021-12-09,17713.795,144
2021-12-09,17715.548,1753
2021-12-09,17715.657,109
2021-12-09,17715.905,248
2021-12-09,17716.203,298
2021-12-09,17716.326,123
2021-12-09,17716.531,205
2021-12-09,17716.696,165
2021-12-09,17716.925,229
2021-12-09,17717.457,532
2021-12-09,17722.585,5128
2021-12-09,17723.69,1105
2021-12-09,17728.922,5232
2021-12-09,17729.634,712
2021-12-09,17729.963,329
2021-12-09,17730.31,347
2021-12-09,17730.821,511
2021-12-09,17731.164,343
2021-12-09,17732.027,863
2021-12-09,17732.173,146
2021-12-09,17732.439,266
2021-12-09,17733.88,1441
2021-12-09,17734.559,679
2021-12-09,17734.937,378
2021-12-09,17735.164,227
2021-12-09,17735.66,496
2021-12-10,17736.335,675
2021-12-10,17736.526,191
2021-12-10,17736.799,273
2021-12-10,17737.091,292
2021-12-10,17737.626,535
2021-12-10,17738.346,720
2021-12-10,17738.881,535
2021-12-10,17740.351,1470
2021-12-10,17740.76,409
2021-12-10,17854.543,113783
2021-12-10,17854.998,455
2021-12-10,17855.084,86
2021-12-10,17855.57,486
2021-12-10,17855.983,413
2021-12-10,17856.085,102
2021-12-10,17856.249,164
2021-12-10,17857.268,1019
2021-12-10,17857.719,451
2021-12-10,17857.946,227
2021-12-10,17858.074,128
2021-12-10,17858.225,151
2021-12-10,17858.484,259
2021-12-10,17858.801,317
2021-12-10,17858.983,182
2021-12-10,17859.159,176
2021-12-10,17859.57,411
2021-12-10,17859.901,331
2021-12-10,17860.231,330
2021-12-10,17860.527,296
2021-12-10,17860.817,290
2021-12-10,17861.135,318
2021-12-10,17861.459,324
2021-12-10,17861.803,344
2021-12-10,17872.415,10612
2021-12-10,17873.369,954
2021-12-10,17873.798,429
2021-12-10,17874.542,744
2021-12-10,17875.024,482
2021-12-10,17875.48,456
2021-12-10,17875.749,269
2021-12-10,17876.369,620
2021-12-10,17878.894,2525
2021-12-10,17879.256,362
2021-12-10,17879.955,699
2021-12-10,17882.835,2880
2021-12-10,17883.444,609
2021-12-10,17883.51,66
2021-12-10,17884.29,780
2021-12-11,17884.99,700
2021-12-11,17885.814,824
2021-12-11,17886.154,340
2021-12-11,17886.885,731
2021-12-11,17887.674,789
2021-12-11,17888.193,519
2021-12-11,17888.808,615
2021-12-11,17889.394,586
2021-12-11,17889.701,307
2021-12-11,17890.177,476
2021-12-11,17900.898,10721
2021-12-11,17901.15,252
2021-12-11,17902.361,1211
2021-12-11,17902.747,386
2021-12-11,17903.287,540
2021-12-11,17903.866,579
2021-12-11,17904.255,389
2021-12-11,17904.353,98
2021-12-11,17904.424,71
2021-12-11,17904.494,70
2021-12-11,17904.627,133
2021-12-11,17904.949,322
2021-12-11,17905.06,111
2021-12-11,17905.168,108
2021-12-11,17905.347,179
2021-12-11,17905.797,450
2021-12-11,17906.048,251
2021-12-11,17907.086,1038
2021-12-11,17907.86,774
2021-12-11,17908.808,948
2021-12-11,17910.331,1523
2021-12-11,17911.891,1560
2021-12-11,17912.953,1062
2021-12-11,17914.487,1534
2021-12-11,17915.261,774
2021-12-11,17916.9,1639
2021-12-11,17918.325,1425
2021-12-11,17919.947,1622
2021-12-11,17921.183,1236
2021-12-11,17924.541,3358
2021-12-11,17926.382,1841
2021-12-11,17927.486,1104
2021-12-11,17928.868,1382
2021-12-11,17930.841,1973
2021-12-11,17932.018,1177
2021-12-11,17933.438,1420
2021-12-11,17934.095,657
2021-12-11,17936.133,2038
2021-12-12,17937.199,1066
2021-12-12,17938.914,1715
2021-12-12,17940.197,1283
2021-12-12,17941.493,1296
2021-12-12,17943.174,1681
2021-12-12,17945.174,2000
2021-12-12,17946.602,1428
2021-12-12,17947.735,1133
2021-12-12,17948.653,918
2021-12-12,17949.243,590
2021-12-12,17949.852,609
2021-12-12,17950.494,642
2021-12-12,17950.976,482
2021-12-12,17951.57,594
2021-12-12,17952.026,456
2021-12-12,17952.063,37
2021-12-12,17952.557,494
2021-12-12,17953.111,554
2021-12-12,17953.377,266
2021-12-12,17953.777,400
2021-12-12,17954.178,401
2021-12-12,17954.535,357
2021-12-12,17955.368,833
2021-12-12,17955.744,376
2021-12-12,17956.133,389
2021-12-12,17957.034,901
2021-12-12,17960.41,3376
2021-12-12,17960.651,241
2021-12-12,17960.877,226
2021-12-12,17961.288,411
2021-12-12,17962.281,993
2021-12-12,18112.763,150482
2021-12-12,18113.855,1092
2021-12-12,18114.715,860
2021-12-12,18115.467,752
2021-12-12,18116.571,1104
2021-12-12,18117.796,1225
2021-12-12,18119.566,1770
2021-12-12,18120.478,912
2021-12-12,18122.251,1773
2021-12-12,18123.658,1407
2021-12-12,18124.7,1042
2021-12-12,18125.423,723
2021-12-12,18126.19,767
2021-12-12,18126.905,715
2021-12-12,18127.704,799
2021-12-12,18129.136,1432
2021-12-12,18130.741,1605
2021-12-13,18131.664,923
2021-12-13,18132.138,474
2021-12-13,18132.876,738
2021-12-13,18134.997,2121
2021-12-13,18135.989,992
2021-12-13,18138.317,2328
2021-12-13,18138.928,611
2021-12-13,18139.786,858
2021-12-13,18141.272,1486
2021-12-13,18141.935,663
2021-12-13,18143.654,1719
2021-12-13,18143.984,330
2021-12-13,18144.494,510
2021-12-13,18145.038,544
2021-12-13,18145.31,272
2021-12-13,18145.595,285
2021-12-13,18145.704,109
2021-12-13,18146.411,707
2021-12-13,18146.504,93
2021-12-13,18147.707,1203
2021-12-13,18148.002,295
2021-12-13,18148.405,403
2021-12-13,18148.488,83
2021-12-13,18148.615,127
2021-12-13,18148.716,101
2021-12-13,18148.848,132
2021-12-13,18149.208,360
2021-12-13,18149.52,312
2021-12-13,18150.16,640
2021-12-13,18150.346,186
2021-12-13,18151.377,1031
2021-12-13,18151.668,291
2021-12-13,18152.3,632
2021-12-13,18163.055,10755
2021-12-13,18164.124,1069
2021-12-13,18165.385,1261
2021-12-13,18166.702,1317
2021-12-13,18167.313,611
2021-12-13,18167.631,318
2021-12-13,18168.279,648
2021-12-13,18169.682,1403
2021-12-13,18170.597,915
2021-12-13,18173.125,2528
2021-12-13,18173.734,609
2021-12-13,18174.28,546
2021-12-13,18175.132,852
2021-12-13,18176.893,1761
2021-12-13,18177.55,657
2021-12-14,18178.049,499
2021-12-14,18178.813,764
2021-12-14,18183.194,4381
2021-12-14,18184.759,1565
2021-12-14,18186.641,1882
2021-12-14,18190.579,3938
2021-12-14,18197.927,7348
2021-12-14,18199.88,1953
2021-12-14,18201.471,1591
2021-12-14,18202.544,1073
2021-12-14,18204.163,1619
2021-12-14,18205.067,904
2021-12-14,18205.652,585
2021-12-14,18207.014,1362
2021-12-14,18207.45,436
2021-12-14,18207.856,406
2021-12-14,18208.104,248
2021-12-14,18208.634,530
2021-12-14,18209.184,550
2021-12-14,18209.267,83
2021-12-14,18209.51,243
2021-12-14,18209.668,158
2021-12-14,18209.824,156
2021-12-14,18209.89,66
2021-12-14,18210.207,317
2021-12-14,18210.555,348
2021-12-14,18210.811,256
2021-12-14,18211.236,425
2021-12-14,18211.74,504
2021-12-14,18212.311,571
2021-12-14,18213.452,1141
2021-12-14,18213.758,306
2021-12-14,18214.574,816
2021-12-14,18215.282,708
2021-12-14,18215.899,617
2021-12-14,18216.379,480
2021-12-14,18216.979,600
2021-12-14,18218.471,1492
2021-12-14,18220.011,1540
2021-12-14,18220.323,312
2021-12-14,18221.53,1207
2021-12-14,18222.448,918
2021-12-14,18223.838,1390
2021-12-14,18225.032,1194
2021-12-14,18226.473,1441
2021-12-14,18226.946,473
2021-12-14,18227.923,977
2021-12-14,18229.621,1698
2021-12-15,18231.117,1496
2021-12-15,18232.271,1154
2021-12-15,18232.945,674
2021-12-15,18234.926,1981
2021-12-15,18235.373,447
2021-12-15,18237.296,1923
2021-12-15,18238.015,719
2021-12-15,18239.098,1083
2021-12-15,18240.108,1010
2021-12-15,18240.871,763
2021-12-15,18241.689,818
2021-12-15,18242.169,480
2021-12-15,18242.906,737
2021-12-15,18243.385,479
2021-12-15,18243.598,213
2021-12-15,18243.95,352
2021-12-15,18244.061,111
2021-12-15,18244.174,113
2021-12-15,18244.409,235
2021-12-15,18244.526,117
2021-12-15,18244.786,260
2021-12-15,18244.969,183
2021-12-15,18245.144,175
2021-12-15,18245.37,226
2021-12-15,18245.522,152
2021-12-15,18245.601,79
2021-12-15,18245.834,233
2021-12-15,18246.136,302
2021-12-15,18246.4,264
2021-12-15,18247.269,869
2021-12-15,18247.782,513
2021-12-15,18248.342,560
2021-12-15,18248.598,256
2021-12-15,18249.105,507
2021-12-15,18250.565,1460
2021-12-15,18250.767,202
2021-12-15,18251.237,470
2021-12-15,18252.679,1442
2021-12-15,18253.538,859
2021-12-15,18253.96,422
2021-12-15,18254.24,280
2021-12-15,18255.43,1190
2021-12-15,18258.411,2981
2021-12-15,18259.113,702
2021-12-15,18260.443,1330
2021-12-15,18262.111,1668
2021-12-15,18262.644,533
2021-12-15,18283.535,20891
2021-12-16,18284.683,1148
2021-12-16,18285.235,552
2021-12-16,18287.06,1825
2021-12-16,18288.209,1149
2021-12-16,18288.867,658
2021-12-16,18290.583,1716
2021-12-16,18291.376,793
2021-12-16,18292.158,782
2021-12-16,18293.608,1450
2021-12-16,18294.955,1347
2021-12-16,18296.793,1838
2021-12-16,18297.917,1124
2021-12-16,18298.203,286
2021-12-16,18298.849,646
2021-12-16,18299.229,380
2021-12-16,18299.923,694
2021-12-16,18300.073,150
2021-12-16,18300.394,321
2021-12-16,18300.587,193
2021-12-16,18301.678,1091
2021-12-16,18302.746,1068
2021-12-16,18306.351,3605
2021-12-16,18306.946,595
2021-12-16,18307.101,155
2021-12-16,18307.361,260
2021-12-16,18307.471,110
2021-12-16,18308.952,1481
2021-12-16,18309.374,422
2021-12-16,18310.426,1052
2021-12-16,18310.728,302
2021-12-16,18311.022,294
2021-12-16,18311.37,348
2021-12-16,18312.32,950
2021-12-16,18313.437,1117
2021-12-16,18314.42,983
2021-12-16,18315.651,1231
2021-12-16,18316.281,630
2021-12-16,18316.962,681
2021-12-16,18317.803,841
2021-12-16,18318.331,528
2021-12-16,18319.491,1160
2021-12-16,18355.888,36397
2021-12-16,18356.439,551
2021-12-16,18357.204,765
2021-12-16,18358.39,1186
2021-12-16,18359.464,1074
2021-12-16,18361.794,2330
2021-12-16,18362.192,398
2021-12-17,18362.925,733
2021-12-17,18363.717,792
2021-12-17,18364.928,1211
2021-12-17,18365.538,610
2021-12-17,18366.752,1214
2021-12-17,18368.572,1820
2021-12-17,18369.468,896
2021-12-17,18370.738,1270
2021-12-17,18371.269,531
2021-12-17,18372.988,1719
2021-12-17,18375.156,2168
2021-12-17,18375.909,753
2021-12-17,18376.654,745
2021-12-17,18376.89,236
2021-12-17,18377.499,609
2021-12-17,18377.759,260
2021-12-17,18377.957,198
2021-12-17,18378.257,300
2021-12-17,18378.461,204
2021-12-17,18378.538,77
2021-12-17,18380.765,2227
2021-12-17,18381.546,781
2021-12-17,18382.222,676
2021-12-17,18382.286,64
2021-12-17,18382.527,241
2021-12-17,18382.791,264
2021-12-17,18383.16,369
2021-12-17,18383.537,377
2021-12-17,18384.188,651
2021-12-17,18385.124,936
2021-12-17,18385.678,554
2021-12-17,18387.294,1616
2021-12-17,18389.278,1984
2021-12-17,18391.025,1747
2021-12-17,18392.607,1582
2021-12-17,18393.462,855
2021-12-17,18396.167,2705
2021-12-17,18398.089,1922
2021-12-17,18400.25,2161
2021-12-17,18401.448,1198
2021-12-17,18403.918,2470
2021-12-17,18405.567,1649
2021-12-17,18406.848,1281
2021-12-17,18409.189,2341
2021-12-17,18409.816,627
2021-12-17,18411.832,2016
2021-12-17,18494.373,82541
2021-12-17,18495.733,1360
2021-12-18,18496.22,487
2021-12-18,18496.914,694
2021-12-18,18502.045,5131
2021-12-18,18502.894,849
2021-12-18,18503.972,1078
2021-12-18,18504.899,927
2021-12-18,18506.481,1582
2021-12-18,18507.323,842
2021-12-18,18507.709,386
2021-12-18,18508.316,607
2021-12-18,18509.427,1111
2021-12-18,18509.79,363
2021-12-18,18510.266,476
2021-12-18,18510.585,319
2021-12-18,18510.923,338
2021-12-18,18511.108,185
2021-12-18,18511.228,120
2021-12-18,18511.293,65
2021-12-18,18511.773,480
2021-12-18,18511.899,126
2021-12-18,18512.902,1003
2021-12-18,18513.135,233
2021-12-18,18513.369,234
2021-12-18,18513.56,191
2021-12-18,18513.695,135
2021-12-18,18513.8,105
2021-12-18,18514.098,298
2021-12-18,18514.437,339
2021-12-18,18514.851,414
2021-12-18,18515.506,655
2021-12-18,18516.834,1328
2021-12-18,18517.308,474
2021-12-18,18517.726,418
2021-12-18,18518.641,915
2021-12-18,18519.519,878
2021-12-18,18523.774,4255
2021-12-18,18526.217,2443
2021-12-18,18526.901,684
2021-12-18,18529.748,2847
2021-12-18,18530.709,961
2021-12-18,18533.133,2424
2021-12-18,18545.764,12631
2021-12-18,18547.567,1803
2021-12-18,18548.646,1079
2021-12-18,18549.376,730
2021-12-18,18550.239,863
2021-12-18,18551.043,804
2021-12-18,18551.834,791
2021-12-19,18552.907,1073
2021-12-19,18553.385,478
2021-12-19,18554.175,790
2021-12-19,18556.809,2634
2021-12-19,18557.381,572
2021-12-19,18557.67,289
2021-12-19,18558.277,607
2021-12-19,18558.859,582
2021-12-19,18559.888,1029
2021-12-19,18560.204,316
2021-12-19,18560.583,379
2021-12-19,18560.829,246
2021-12-19,18561.085,256
2021-12-19,18561.278,193
2021-12-19,18563.719,2441
2021-12-19,18563.986,267
2021-12-19,18564.265,279
2021-12-19,18564.452,187
2021-12-19,18564.852,400
2021-12-19,18565.039,187
2021-12-19,18565.287,248
2021-12-19,18566.829,1542
2021-12-19,18566.98,151
2021-12-19,18567.154,174
2021-12-19,18568.724,1570
2021-12-19,18568.831,107
2021-12-19,18568.949,118
2021-12-19,18569.13,181
2021-12-19,18569.442,312
2021-12-19,18570.352,910
2021-12-19,18570.627,275
2021-12-19,18571.305,678
2021-12-19,18572.954,1649
2021-12-19,18573.917,963
2021-12-19,18574.409,492
2021-12-19,18575.641,1232
2021-12-19,18576.193,552
2021-12-19,18577.294,1101
2021-12-19,18578.77,1476
2021-12-19,18580.323,1553
2021-12-19,18583.184,2861
2021-12-19,18585.756,2572
2021-12-19,18586.615,859
2021-12-19,18587.591,976
2021-12-19,18588.612,1021
2021-12-19,18590.63,2018
2021-12-19,18593.198,2568
2021-12-19,18594.014,816
2021-12-20,18595.695,1681
2021-12-20,18597.277,1582
2021-12-20,18597.782,505
2021-12-20,18598.405,623
2021-12-20,18598.996,591
2021-12-20,18600.33,1334
2021-12-20,18600.992,662
2021-12-20,18601.803,811
2021-12-20,18602.078,275
2021-12-20,18603.204,1126
2021-12-20,18604.143,939
2021-12-20,18605.59,1447
2021-12-20,18607.035,1445
2021-12-20,18607.788,753
2021-12-20,18608.015,227
2021-12-20,18608.124,109
2021-12-20,18608.469,345
2021-12-20,18609.144,675
2021-12-20,18609.49,346
2021-12-20,18609.694,204
2021-12-20,18616.193,6499
2021-12-20,18616.602,409
2021-12-20,18616.826,224
2021-12-20,18617.364,538
2021-12-20,18627.653,10289
2021-12-20,18627.814,161
2021-12-20,18628.062,248
2021-12-20,18628.321,259
2021-12-20,18628.551,230
2021-12-20,18629.107,556
2021-12-20,18630.329,1222
2021-12-20,18630.603,274
2021-12-20,18631.034,431
2021-12-20,18631.738,704
2021-12-20,18632.767,1029
2021-12-20,18643.996,11229
2021-12-20,18645.746,1750
2021-12-20,18647.343,1597
2021-12-20,18648.198,855
2021-12-20,18649.243,1045
2021-12-20,18650.071,828
2021-12-20,18650.842,771
2021-12-20,18652.017,1175
2021-12-20,18653.924,1907
2021-12-20,18655.744,1820
2021-12-20,18661.997,6253
2021-12-20,18663.15,1153
2021-12-20,18665.017,1867
2021-12-21,18666.225,1208
2021-12-21,18668.179,1954
2021-12-21,18669.258,1079
2021-12-21,18670.091,833
2021-12-21,18673.565,3474
2021-12-21,18674.771,1206
2021-12-21,18675.481,710
2021-12-21,18677.946,2465
2021-12-21,18679.567,1621
2021-12-21,18682.295,2728
2021-12-21,18684.799,2504
2021-12-21,18685.292,493
2021-12-21,18686.054,762
2021-12-21,18688.652,2598
2021-12-21,18689.445,793
2021-12-21,18693.012,3567
2021-12-21,18693.823,811
2021-12-21,18694.177,354
2021-12-21,18694.407,230
2021-12-21,18695.346,939
2021-12-21,18695.69,344
2021-12-21,18696.356,666
2021-12-21,18697.004,648
2021-12-21,18697.245,241
2021-12-21,18697.386,141
2021-12-21,18697.656,270
2021-12-21,18698.38,724
2021-12-21,18699.065,685
2021-12-21,18700.469,1404
2021-12-21,18701.932,1463
2021-12-21,18702.574,642
2021-12-21,18703.859,1285
2021-12-21,18704.481,622
2021-12-21,18706.65,2169
2021-12-21,18710.44,3790
2021-12-21,18711.219,779
2021-12-21,18723.238,12019
2021-12-21,18724.465,1227
2021-12-21,18791.526,67061
2021-12-21,18939.16,147634
2021-12-21,19065.469,126309
2021-12-21,19154.017,88548
2021-12-21,19235.55,81533
2021-12-21,19298.946,63396
2021-12-21,19351.857,52911
2021-12-21,19641.892,290035
2021-12-21,19687.443,45551
2021-12-21,19716.765,29322
2021-12-22,20091.875,375110
2021-12-22,20139.913,48038
2021-12-22,20245.097,105184
2021-12-22,20402.572,157475
2021-12-22,20412.933,10361
2021-12-22,20415.083,2150
2021-12-22,20416.853,1770
2021-12-22,20417.432,579
2021-12-22,20418.584,1152
2021-12-22,20419.741,1157
2021-12-22,20420.366,625
2021-12-22,20420.812,446
2021-12-22,20421.398,586
2021-12-22,20423.52,2122
2021-12-22,20423.914,394
2021-12-22,20424.226,312
2021-12-22,20424.663,437
2021-12-22,20424.934,271
2021-12-22,20425.11,176
2021-12-22,20425.541,431
2021-12-22,20425.857,316
2021-12-22,20426.251,394
2021-12-22,20427.703,1452
2021-12-22,20429.28,1577
2021-12-22,20430.249,969
2021-12-22,20430.734,485
2021-12-22,20431.318,584
2021-12-22,20432.519,1201
2021-12-22,20433.074,555
2021-12-22,20433.591,517
2021-12-22,20434.183,592
2021-12-22,20435,817
2021-12-22,20437.321,2321
2021-12-22,20439.583,2262
2021-12-22,20440.615,1032
2021-12-22,20442.335,1720
2021-12-22,20445.127,2792
2021-12-22,20447.545,2418
2021-12-22,20569.198,121653
2021-12-22,20570.873,1675
2021-12-22,20587.551,16678
2021-12-22,20590.36,2809
2021-12-22,20592.247,1887
2021-12-22,20595.505,3258
2021-12-22,20596.596,1091
2021-12-22,20598.16,1564
2021-12-22,20599.428,1268
2021-12-22,20603.528,4100
2021-12-23,20605.165,1637
2021-12-23,20606.327,1162
2021-12-23,20607.311,984
2021-12-23,20608.143,832
2021-12-23,20611.094,2951
2021-12-23,20612.669,1575
2021-12-23,20613.455,786
2021-12-23,20614.804,1349
2021-12-23,20616.195,1391
2021-12-23,20618.059,1864
2021-12-23,20618.922,863
2021-12-23,20620.613,1691
2021-12-23,20621.597,984
2021-12-23,20622.73,1133
2021-12-23,20623.34,610
2021-12-23,20623.622,282
2021-12-23,20623.757,135
2021-12-23,20624.124,367
2021-12-23,20624.347,223
2021-12-23,20625.029,682
2021-12-23,20625.259,230
2021-12-23,20626.295,1036
2021-12-23,20626.598,303
2021-12-23,20627.837,1239
2021-12-23,20627.968,131
2021-12-23,20629.804,1836
2021-12-23,20630.141,337
2021-12-23,20630.554,413
2021-12-23,20631.3,746
2021-12-23,20632.471,1171
2021-12-23,20634.036,1565
2021-12-23,20635.483,1447
2021-12-23,20636.796,1313
2021-12-23,20638.46,1664
2021-12-23,20639.759,1299
2021-12-23,20642.154,2395
2021-12-23,20643.751,1597
2021-12-23,20797.568,153817
2021-12-23,20799.9,2332
2021-12-23,20801.846,1946
2021-12-23,20802.919,1073
2021-12-23,20805.338,2419
2021-12-23,20807.099,1761
2021-12-23,20809.384,2285
2021-12-23,20814.753,5369
2021-12-23,20816.521,1768
2021-12-23,20818.367,1846
2021-12-23,20819.399,1032
2021-12-24,20820.747,1348
2021-12-24,20821.439,692
2021-12-24,20822.82,1381
2021-12-24,20825.284,2464
2021-12-24,20826.854,1570
2021-12-24,20829.228,2374
2021-12-24,20831.592,2364
2021-12-24,20832.286,694
2021-12-24,20834.122,1836
2021-12-24,20861.066,26944
2021-12-24,20863.043,1977
2021-12-24,20863.652,609
2021-12-24,20864.144,492
2021-12-24,20864.584,440
2021-12-24,20865.126,542
2021-12-24,20865.638,512
2021-12-24,20865.778,140
2021-12-24,20866.499,721
2021-12-24,20866.974,475
2021-12-24,20867.375,401
2021-12-24,20868.235,860
2021-12-24,20868.829,594
2021-12-24,20869.434,605
2021-12-24,20870.865,1431
2021-12-24,20871.718,853
2021-12-24,20872.455,737
2021-12-24,20873.491,1036
2021-12-24,20874.127,636
2021-12-24,20875.314,1187
2021-12-24,20877.613,2299
2021-12-24,20879.845,2232
2021-12-24,20881.109,1264
2021-12-24,20883.428,2319
2021-12-24,20885.182,1754
2021-12-24,20886.632,1450
2021-12-24,20889.789,3157
2021-12-24,20891.365,1576
2021-12-24,20895.363,3998
2021-12-24,20897.767,2404
2021-12-24,20900.544,2777
2021-12-24,20904.777,4233
2021-12-24,20906.586,1809
2021-12-24,20908.734,2148
2021-12-24,20911.209,2475
2021-12-24,20914.333,3124
2021-12-24,21413.222,498889
2021-12-24,21415.409,2187
2021-12-24,21416.843,1434
2021-12-25,21419.727,2884
2021-12-25,21421.54,1813
2021-12-25,21439.959,18419
2021-12-25,21452.144,12185
2021-12-25,21453.192,1048
2021-12-25,21456.024,2832
2021-12-25,21456.959,935
2021-12-25,21458.307,1348
2021-12-25,21459.996,1689
2021-12-25,21462.393,2397
2021-12-25,21464.403,2010
2021-12-25,21465.933,1530
2021-12-25,21466.825,892
2021-12-25,21467.959,1134
2021-12-25,21468.665,706
2021-12-25,21469.141,476
2021-12-25,21469.571,430
2021-12-25,21470.229,658
2021-12-25,21471.249,1020
2021-12-25,21471.747,498
2021-12-25,21473.032,1285
2021-12-25,21474.165,1133
2021-12-25,21474.691,526
2021-12-25,21475.922,1231
2021-12-25,21477.034,1112
2021-12-25,21477.377,343
2021-12-25,21479.219,1842
2021-12-25,21479.916,697
2021-12-25,21480.826,910
2021-12-25,21482.081,1255
2021-12-25,21483.21,1129
2021-12-25,21484.611,1401
2021-12-25,21486.443,1832
2021-12-25,21489.493,3050
2021-12-25,21492.006,2513
2021-12-25,21494.002,1996
2021-12-25,21499.586,5584
2021-12-25,21502.408,2822
2021-12-25,21505.907,3499
2021-12-25,21506.97,1063
2021-12-25,21508.928,1958
2021-12-25,21510.343,1415
2021-12-25,21511.309,966
2021-12-25,21513.296,1987
2021-12-25,21514.384,1088
2021-12-25,21517.505,3121
2021-12-25,21518.19,685
2021-12-25,21519.63,1440
2021-12-26,21523.055,3425
2021-12-26,21548.76,25705
2021-12-26,21551.727,2967
2021-12-26,21553.238,1511
2021-12-26,21555.794,2556
2021-12-26,21566.652,10858
2021-12-26,21567.395,743
2021-12-26,21567.997,602
2021-12-26,21569.287,1290
2021-12-26,21570.712,1425
2021-12-26,21571.525,813
2021-12-26,21572.75,1225
2021-12-26,21573.32,570
2021-12-26,21573.942,622
2021-12-26,21574.463,521
2021-12-26,21574.558,95
2021-12-26,21574.8,242
2021-12-26,21575.073,273
2021-12-26,21576.311,1238
2021-12-26,21576.511,200
2021-12-26,21576.766,255
2021-12-26,21577.444,678
2021-12-26,21577.552,108
2021-12-26,21579.212,1660
2021-12-26,21579.6,388
2021-12-26,21580.513,913
2021-12-26,21580.746,233
2021-12-26,21581.03,284
2021-12-26,21581.356,326
2021-12-26,21582.034,678
2021-12-26,21582.282,248
2021-12-26,21583.606,1324
2021-12-26,21584.102,496
2021-12-26,21584.757,655
2021-12-26,21586.539,1782
2021-12-26,21587.534,995
2021-12-26,21589.99,2456
2021-12-26,21591.002,1012
2021-12-26,21594.139,3137
2021-12-26,21596.204,2065
2021-12-26,21597.377,1173
2021-12-26,21599.457,2080
2021-12-26,21600.531,1074
2021-12-26,21603.087,2556
2021-12-26,21604.928,1841
2021-12-26,21605.812,884
2021-12-26,21607.876,2064
2021-12-26,21609.615,1739
2021-12-27,21610.769,1154
2021-12-27,21612.174,1405
2021-12-27,21613.352,1178
2021-12-27,21614.511,1159
2021-12-27,21617.616,3105
2021-12-27,21620.516,2900
2021-12-27,21621.76,1244
2021-12-27,21622.524,764
2021-12-27,21623.974,1450
2021-12-27,21625.215,1241
2021-12-27,21625.907,692
2021-12-27,21626.591,684
2021-12-27,21628.044,1453
2021-12-27,21628.739,695
2021-12-27,21629.495,756
2021-12-27,21630.855,1360
2021-12-27,21631.227,372
2021-12-27,21631.387,160
2021-12-27,21631.685,298
2021-12-27,21632.97,1285
2021-12-27,21633.277,307
2021-12-27,21633.953,676
2021-12-27,21634.188,235
2021-12-27,21634.345,157
2021-12-27,21634.959,614
2021-12-27,21635.238,279
2021-12-27,21635.598,360
2021-12-27,21636.165,567
2021-12-27,21636.563,398
2021-12-27,21638.014,1451
2021-12-27,21638.95,936
2021-12-27,21639.666,716
2021-12-27,21640.507,841
2021-12-27,21643.052,2545
2021-12-27,21645.14,2088
2021-12-27,21647.391,2251
2021-12-27,21649.663,2272
2021-12-27,21652.943,3280
2021-12-27,21654.875,1932
2021-12-27,21655.868,993
2021-12-27,21659.131,3263
2021-12-27,21661.191,2060
2021-12-27,21661.775,584
2021-12-27,21662.284,509
2021-12-27,21663.95,1666
2021-12-27,21665.271,1321
2021-12-27,21666.096,825
2021-12-27,21667.34,1244
2021-12-28,21668.264,924
2021-12-28,21669.397,1133
2021-12-28,21670.375,978
2021-12-28,21675.281,4906
2021-12-28,24940.1,3264819
2021-12-28,25141.041,200941
2021-12-28,25144.615,3574
2021-12-28,25149.908,5293
2021-12-28,25155.119,5211
2021-12-28,25159.312,4193
2021-12-28,25163.554,4242
2021-12-28,25166.095,2541
2021-12-28,25168.183,2088
2021-12-28,25169.618,1435
2021-12-28,25170.987,1369
2021-12-28,25172.627,1640
2021-12-28,25173.469,842
2021-12-28,25175.384,1915
2021-12-28,25175.94,556
2021-12-28,25177.382,1442
2021-12-28,25181.741,4359
2021-12-28,25183.223,1482
2021-12-28,25189.756,6533
2021-12-28,25190.516,760
2021-12-28,25191.809,1293
2021-12-28,25192.865,1056
2021-12-28,25193.715,850
2021-12-28,25199.691,5976
2021-12-28,25200.697,1006
2021-12-28,25202.158,1461
2021-12-28,25203.996,1838
2021-12-28,25206.701,2705
2021-12-28,25207.953,1252
2021-12-28,25209.916,1963
2021-12-28,25214.153,4237
2021-12-28,25216.45,2297
2021-12-28,25218.49,2040
2021-12-28,25224.288,5798
2021-12-28,25238.3,14012
2021-12-28,25242.661,4361
2021-12-28,25246.333,3672
2021-12-28,25249.552,3219
2021-12-28,25252.773,3221
2021-12-28,25256.116,3343
2021-12-28,25259.832,3716
2021-12-28,25261.953,2121
2021-12-28,25263.275,1322
2021-12-28,25271.086,7811
2021-12-29,25272.655,1569
2021-12-29,25275.03,2375
2021-12-29,25277.973,2943
2021-12-29,25279.644,1671
2021-12-29,25283.267,3623
2021-12-29,25285.473,2206
2021-12-29,25287.237,1764
2021-12-29,25289.743,2506
2021-12-29,25291.97,2227
2021-12-29,25296.261,4291
2021-12-29,25297.786,1525
2021-12-29,25298.548,762
2021-12-29,25299.396,848
2021-12-29,25301.152,1756
2021-12-29,25301.731,579
2021-12-29,25302.201,470
2021-12-29,25302.353,152
2021-12-29,25304.243,1890
2021-12-29,25304.525,282
2021-12-29,25305.085,560
2021-12-29,25305.32,235
2021-12-29,25305.92,600
2021-12-29,25306.582,662
2021-12-29,25306.951,369
2021-12-29,25309.48,2529
2021-12-29,25309.779,299
2021-12-29,25310.093,314
2021-12-29,25310.74,647
2021-12-29,25311.754,1014
2021-12-29,25313.188,1434
2021-12-29,25314.779,1591
2021-12-29,25317.001,2222
2021-12-29,25318.281,1280
2021-12-29,25320.859,2578
2021-12-29,25321.741,882
2021-12-29,25322.875,1134
2021-12-29,25327.002,4127
2021-12-29,25332.966,5964
2021-12-29,25335.576,2610
2021-12-29,25339.162,3586
2021-12-29,25341.092,1930
2021-12-29,25342.674,1582
2021-12-29,25344.544,1870
2021-12-29,25346.496,1952
2021-12-29,25351.978,5482
2021-12-29,25354.127,2149
2021-12-29,25362.151,8024
2021-12-29,25366.68,4529
2021-12-30,25395.479,28799
2021-12-30,25399.664,4185
2021-12-30,25402.229,2565
2021-12-30,25404.712,2483
2021-12-30,25406.087,1375
2021-12-30,25410.661,4574
2021-12-30,25412.239,1578
2021-12-30,25413.482,1243
2021-12-30,25415.539,2057
2021-12-30,25417.199,1660
2021-12-30,25419.024,1825
2021-12-30,25419.578,554
2021-12-30,25420.857,1279
2021-12-30,25421.484,627
2021-12-30,25421.765,281
2021-12-30,25423.122,1357
2021-12-30,25424.256,1134
2021-12-30,25425.213,957
2021-12-30,25426.101,888
2021-12-30,25427.467,1366
2021-12-30,25428.134,667
2021-12-30,25428.819,685
2021-12-30,25429.136,317
2021-12-30,25429.64,504
2021-12-30,25430.073,433
2021-12-30,25430.667,594
2021-12-30,25435.809,5142
2021-12-30,25437.869,2060
2021-12-30,25438.886,1017
2021-12-30,25441.026,2140
2021-12-30,25443.179,2153
2021-12-30,25445.532,2353
2021-12-30,25447.189,1657
2021-12-30,25450.029,2840
2021-12-30,25451.373,1344
2021-12-30,25477.715,26342
2021-12-30,25481.069,3354
2021-12-30,25484.053,2984
2021-12-30,25486.915,2862
2021-12-30,25490.506,3591
2021-12-30,25495.627,5121
2021-12-30,25501.73,6103
2021-12-30,25504.913,3183
2021-12-30,25509.446,4533
2021-12-30,25513.843,4397
2021-12-30,25518.551,4708
2021-12-30,25523.669,5118
2021-12-30,25526.896,3227
2021-12-31,25530.63,3734
2021-12-31,25534.601,3971
2021-12-31,25537.297,2696
2021-12-31,25541.849,4552
2021-12-31,25544.215,2366
2021-12-31,25547.716,3501
2021-12-31,25549.841,2125
2021-12-31,25553.749,3908
2021-12-31,25557.239,3490
2021-12-31,25560.145,2906
2021-12-31,25571.655,11510
2021-12-31,25576.064,4409
2021-12-31,25576.812,748
2021-12-31,25577.508,696
2021-12-31,25578.411,903
2021-12-31,25583.982,5571
2021-12-31,25585.474,1492
2021-12-31,25595.358,9884
2021-12-31,25597.28,1922
2021-12-31,25597.59,310
2021-12-31,25598.513,923
2021-12-31,25600.157,1644
2021-12-31,25602.075,1918
2021-12-31,25607.234,5159
2021-12-31,25615.668,8434
2021-12-31,25616.098,430
2021-12-31,25616.694,596
2021-12-31,25617.654,960
2021-12-31,25619.626,1972
2021-12-31,25620.78,1154
2021-12-31,25624.068,3288
2021-12-31,25627.52,3452
2021-12-31,25630.435,2915
2021-12-31,25633.05,2615
2021-12-31,25644.78,11730
2021-12-31,25651.21,6430
2021-12-31,25663.143,11933
2021-12-31,25668.291,5148
2021-12-31,25676.451,8160
2021-12-31,25791.364,114913
2021-12-31,25797.112,5748
2021-12-31,25821.084,23972
2021-12-31,25839.882,18798
2021-12-31,25848.682,8800
2021-12-31,25861.555,12873
2021-12-31,25873.967,12412
2021-12-31,25884.293,10326
2021-12-31,25898.979,14686
2022-01-01,25926.918,27939
2022-01-01,25935.878,8960
2022-01-01,25951.435,15557
2022-01-01,25960.806,9371
2022-01-01,25969.076,8270
2022-01-01,25977.415,8339
2022-01-01,25999.237,21822
2022-01-01,26008.47,9233
2022-01-01,26018.189,9719
2022-01-01,26029.056,10867
2022-01-01,26035.253,6197
2022-01-01,26043.909,8656
2022-01-01,26048.497,4588
2022-01-01,26053.043,4546
2022-01-01,26055.779,2736
2022-01-01,26059.986,4207
2022-01-01,26063.568,3582
2022-01-01,26066.036,2468
2022-01-01,26067.938,1902
2022-01-01,26069.248,1310
2022-01-01,26069.821,573
2022-01-01,26070.222,401
2022-01-01,26070.326,104
2022-01-01,26070.424,98
2022-01-01,26070.573,149
2022-01-01,26071.118,545
2022-01-01,26071.593,475
2022-01-01,26072.269,676
2022-01-01,26072.821,552
2022-01-01,26073.479,658
2022-01-01,26074.825,1346
2022-01-01,26075.173,348
2022-01-01,26075.688,515
2022-01-01,26078.29,2602
2022-01-01,26079.181,891
2022-01-01,26080.158,977
2022-01-01,26081.139,981
2022-01-01,26082,861
2022-01-01,26083.071,1071
2022-01-01,26084.008,937
2022-01-01,26085.058,1050
2022-01-01,26086.094,1036
2022-01-01,26088.439,2345
2022-01-01,26095.352,6913
2022-01-01,26097.79,2438
2022-01-01,26098.528,738
2022-01-01,26099.628,1100
2022-01-01,26101.228,1600
2022-01-02,26102.328,1100
2022-01-02,26113.036,10708
2022-01-02,26115.636,2600
2022-01-02,26116.998,1362
2022-01-02,30227.562,4110564
2022-01-02,30235.668,8106
2022-01-02,30236.777,1109
2022-01-02,30237.656,879
2022-01-02,30239.192,1536
2022-01-02,30239.673,481
2022-01-02,30240.298,625
2022-01-02,30241.424,1126
2022-01-02,30241.821,397
2022-01-02,30242.67,849
2022-01-02,30243.267,597
2022-01-02,30243.517,250
2022-01-02,30243.796,279
2022-01-02,30243.998,202
2022-01-02,30244.397,399
2022-01-02,30244.639,242
2022-01-02,30244.885,246
2022-01-02,30245.127,242
2022-01-02,30245.474,347
2022-01-02,30245.77,296
2022-01-02,30246.667,897
2022-01-02,30246.868,201
2022-01-02,30246.925,57
2022-01-02,30247.166,241
2022-01-02,30247.499,333
2022-01-02,30247.661,162
2022-01-02,30247.833,172
2022-01-02,30248.149,316
2022-01-02,30248.387,238
2022-01-02,30249.16,773
2022-01-02,30249.471,311
2022-01-02,30250.127,656
2022-01-02,30250.746,619
2022-01-02,30251.733,987
2022-01-02,30252.069,336
2022-01-02,30252.557,488
2022-01-02,30253.235,678
2022-01-02,30254.086,851
2022-01-02,30255.115,1029
2022-01-02,30256.302,1187
2022-01-02,30257.161,859
2022-01-02,30269.433,12272
2022-01-02,30269.88,447
2022-01-02,30270.951,1071
2022-01-03,30271.418,467
2022-01-03,30271.726,308
2022-01-03,30272.05,324
2022-01-03,30272.628,578
2022-01-03,30273.312,684
2022-01-03,30275.009,1697
2022-01-03,30275.843,834
2022-01-03,30276.082,239
2022-01-03,30276.536,454
2022-01-03,30277.439,903
2022-01-03,30278.139,700
2022-01-03,30278.641,502
2022-01-03,30278.925,284
2022-01-03,30279.001,76
2022-01-03,30279.289,288
2022-01-03,30279.635,346
2022-01-03,30279.669,34
2022-01-03,30279.909,240
2022-01-03,30280.039,130
2022-01-03,30280.086,47
2022-01-03,30280.127,41
2022-01-03,30280.237,110
2022-01-03,30280.349,112
2022-01-03,30280.421,72
2022-01-03,30280.424,3
2022-01-03,30280.54,116
2022-01-03,30281.561,1021
2022-01-03,30281.828,267
2022-01-03,30281.909,81
2022-01-03,30282.648,739
2022-01-03,30282.914,266
2022-01-03,30283.016,102
2022-01-03,30283.243,227
2022-01-03,30283.525,282
2022-01-03,30283.99,465
2022-01-03,30284.261,271
2022-01-03,30284.681,420
2022-01-03,30285.126,445
2022-01-03,30285.414,288
2022-01-03,30287.304,1890
2022-01-03,30287.504,200
2022-01-03,30287.916,412
2022-01-03,30288.652,736
2022-01-03,30288.782,130
2022-01-03,30289.022,240
2022-01-03,30289.28,258
2022-01-03,30290.558,1278
2022-01-03,30291.646,1088
2022-01-04,30292.277,631
2022-01-04,30295.359,3082
2022-01-04,30295.752,393
2022-01-04,30296.379,627
2022-01-04,30297.072,693
2022-01-04,30307.81,10738
2022-01-04,30308.103,293
2022-01-04,30308.282,179
2022-01-04,30308.782,500
2022-01-04,30309.108,326
2022-01-04,30309.157,49
2022-01-04,30309.506,349
2022-01-04,30309.61,104
2022-01-04,30309.796,186
2022-01-04,30309.964,168
2022-01-04,30310.193,229
2022-01-04,30310.27,77
2022-01-04,30310.29,20
2022-01-04,30310.406,116
2022-01-04,30310.449,43
2022-01-04,30310.509,60
2022-01-04,30310.614,105
2022-01-04,30310.665,51
2022-01-04,30310.78,115
2022-01-04,30310.912,132
2022-01-04,30311.019,107
2022-01-04,30311.506,487
2022-01-04,30311.522,16
2022-01-04,30311.597,75
2022-01-04,30311.747,150
2022-01-04,30311.898,151
2022-01-04,30312.132,234
2022-01-04,30312.256,124
2022-01-04,30313.073,817
2022-01-04,30313.917,844
2022-01-04,30315.279,1362
2022-01-04,30315.728,449
2022-01-04,30315.789,61
2022-01-04,30316.142,353
2022-01-04,30316.556,414
2022-01-04,30317.598,1042
2022-01-04,30318.121,523
2022-01-04,30318.445,324
2022-01-04,30318.647,202
2022-01-04,30322.854,4207
2022-01-04,30323.583,729
2022-01-04,30323.987,404
2022-01-04,30324.529,542
2022-01-05,30325.023,494
2022-01-05,30325.929,906
2022-01-05,30326.285,356
2022-01-05,30326.6,315
2022-01-05,30326.753,153
2022-01-05,30327.49,737
2022-01-05,30328.335,845
2022-01-05,30328.485,150
2022-01-05,30328.979,494
2022-01-05,30329.049,70
2022-01-05,30329.32,271
2022-01-05,30329.672,352
2022-01-05,30329.772,100
2022-01-05,30329.883,111
2022-01-05,30329.925,42
2022-01-05,30330.063,138
2022-01-05,30330.143,80
2022-01-05,30330.617,474
2022-01-05,30330.679,62
2022-01-05,30331.195,516
2022-01-05,30331.246,51
2022-01-05,30331.368,122
2022-01-05,30331.381,13
2022-01-05,30331.406,25
2022-01-05,30331.476,70
2022-01-05,30331.536,60
2022-01-05,30331.586,50
2022-01-05,30331.662,76
2022-01-05,30331.747,85
2022-01-05,30331.783,36
2022-01-05,30331.868,85
2022-01-05,30331.948,80
2022-01-05,30332.021,73
2022-01-05,30332.081,60
2022-01-05,30332.225,144
2022-01-05,30332.246,21
2022-01-05,30332.542,296
2022-01-05,30332.88,338
2022-01-05,30335.427,2547
2022-01-05,30335.497,70
2022-01-05,30335.642,145
2022-01-05,30335.925,283
2022-01-05,30336.065,140
2022-01-05,30336.844,779
2022-01-05,30338.605,1761
2022-01-05,30339.045,440
2022-01-05,30339.147,102
2022-01-05,30339.417,270
2022-01-06,30339.585,168
2022-01-06,30339.725,140
2022-01-06,30339.776,51
2022-01-06,30339.854,78
2022-01-06,30340.423,569
2022-01-06,30340.524,101
2022-01-06,30340.734,210
2022-01-06,30340.809,75
2022-01-06,30341.098,289
2022-01-06,30341.159,61
2022-01-06,30341.224,65
2022-01-06,30341.799,575
2022-01-06,30341.87,71
2022-01-06,30342.245,375
2022-01-06,30342.456,211
2022-01-06,30342.476,20
2022-01-06,30342.65,174
2022-01-06,30342.675,25
2022-01-06,30342.776,101
2022-01-06,30342.781,5
2022-01-06,30342.781,0
2022-01-06,30342.817,36
2022-01-06,30342.922,105
2022-01-06,30342.987,65
2022-01-06,30343.022,35
2022-01-06,30343.124,102
2022-01-06,30343.568,444
2022-01-06,30343.596,28
2022-01-06,30343.636,40
2022-01-06,30343.813,177
2022-01-06,30343.891,78
2022-01-06,30343.985,94
2022-01-06,30344.381,396
2022-01-06,30344.696,315
2022-01-06,30344.957,261
2022-01-06,30368.483,23526
2022-01-06,30368.544,61
2022-01-06,30368.682,138
2022-01-06,30368.811,129
2022-01-06,30368.962,151
2022-01-06,30369.656,694
2022-01-06,30369.738,82
2022-01-06,30369.937,199
2022-01-06,30370.084,147
2022-01-06,30370.204,120
2022-01-06,30370.674,470
2022-01-06,30370.824,150
2022-01-06,30371.07,246
2022-01-07,30371.077,7
2022-01-07,30371.181,104
2022-01-07,30371.41,229
2022-01-07,30371.549,139
2022-01-07,30371.81,261
2022-01-07,30372.222,412
2022-01-07,30374.293,2071
2022-01-07,30374.521,228
2022-01-07,30374.996,475
2022-01-07,30375.143,147
2022-01-07,30375.204,61
2022-01-07,30375.251,47
2022-01-07,30375.391,140
2022-01-07,30375.581,190
2022-01-07,30375.606,25
2022-01-07,30375.608,2
2022-01-07,30375.667,59
2022-01-07,30375.688,21
2022-01-07,30375.704,16
2022-01-07,30376.578,874
2022-01-07,30376.674,96
2022-01-07,30377.647,973
2022-01-07,30377.798,151
2022-01-07,30377.819,21
2022-01-07,30377.879,60
2022-01-07,30377.88,1
2022-01-07,30377.919,39
2022-01-07,30378.017,98
2022-01-07,30378.094,77
2022-01-07,30378.189,95
2022-01-07,30378.21,21
2022-01-07,30378.241,31
2022-01-07,30378.276,35
2022-01-07,30378.442,166
2022-01-07,30379.161,719
2022-01-07,30379.453,292
2022-01-07,30379.561,108
2022-01-07,30379.728,167
2022-01-07,30379.84,112
2022-01-07,30380.082,242
2022-01-07,30380.23,148
2022-01-07,30386.383,6153
2022-01-07,30386.488,105
2022-01-07,30388.124,1636
2022-01-07,30388.189,65
2022-01-07,30410.354,22165
2022-01-07,30410.545,191
2022-01-07,30411.001,456
2022-01-08,30411.261,260
2022-01-08,30411.377,116
2022-01-08,30411.484,107
2022-01-08,30411.556,72
2022-01-08,30411.618,62
2022-01-08,30411.745,127
2022-01-08,30411.859,114
2022-01-08,30411.913,54
2022-01-08,30412.046,133
2022-01-08,30412.358,312
2022-01-08,30412.459,101
2022-01-08,30412.584,125
2022-01-08,30412.644,60
2022-01-08,30412.679,35
2022-01-08,30412.679,0
2022-01-08,30412.699,20
2022-01-08,30412.699,0
2022-01-08,30412.749,50
2022-01-08,30412.759,10
2022-01-08,30412.76,1
2022-01-08,30413.525,765
2022-01-08,30413.527,2
2022-01-08,30413.552,25
2022-01-08,30413.572,20
2022-01-08,30413.613,41
2022-01-08,30413.638,25
2022-01-08,30413.672,34
2022-01-08,30413.773,101
2022-01-08,30413.818,45
2022-01-08,30413.893,75
2022-01-08,30413.973,80
2022-01-08,30414.073,100
2022-01-08,30414.194,121
2022-01-08,30414.41,216
2022-01-08,30414.796,386
2022-01-08,30414.912,116
2022-01-08,30414.93,18
2022-01-08,30415.668,738
2022-01-08,30415.944,276
2022-01-08,30416.633,689
2022-01-08,30416.885,252
2022-01-08,30417.015,130
2022-01-08,30417.283,268
2022-01-08,30417.498,215
2022-01-08,30417.639,141
2022-01-08,30417.824,185
2022-01-08,30418.019,195
2022-01-08,30418.189,170
2022-01-09,30423.227,5038
2022-01-09,30423.254,27
2022-01-09,30423.546,292
2022-01-09,30423.691,145
2022-01-09,30423.859,168
2022-01-09,30423.925,66
2022-01-09,30424.05,125
2022-01-09,30424.057,7
2022-01-09,30424.12,63
2022-01-09,30424.221,101
2022-01-09,30424.297,76
2022-01-09,30424.349,52
2022-01-09,30424.764,415
2022-01-09,30424.784,20
2022-01-09,30424.809,25
2022-01-09,30424.814,5
2022-01-09,30424.875,61
2022-01-09,30424.885,10
2022-01-09,30424.985,100
2022-01-09,30424.995,10
2022-01-09,30425.057,62
2022-01-09,30425.078,21
2022-01-09,30425.124,46
2022-01-09,30425.154,30
2022-01-09,30425.184,30
2022-01-09,30425.289,105
2022-01-09,30425.301,12
2022-01-09,30425.347,46
2022-01-09,30425.407,60
2022-01-09,30425.576,169
2022-01-09,30425.707,131
2022-01-09,30425.855,148
2022-01-09,30426.476,621
2022-01-09,30426.616,140
2022-01-09,30426.853,237
2022-01-09,30426.981,128
2022-01-09,30427.153,172
2022-01-09,30427.295,142
2022-01-09,30427.541,246
2022-01-09,30427.706,165
2022-01-09,30428.037,331
2022-01-09,30428.194,157
2022-01-09,30428.498,304
2022-01-09,30429.07,572
2022-01-09,30429.24,170
2022-01-09,30429.321,81
2022-01-09,30429.38,59
2022-01-09,30429.444,64
2022-01-10,30430.956,1512
2022-01-10,30431.78,824
2022-01-10,30432.011,231
2022-01-10,30432.106,95
2022-01-10,30432.298,192
2022-01-10,30432.618,320
2022-01-10,30432.683,65
2022-01-10,30433.164,481
2022-01-10,30433.294,130
2022-01-10,30433.325,31
2022-01-10,30433.53,205
2022-01-10,30433.61,80
2022-01-10,30433.751,141
2022-01-10,30433.802,51
2022-01-10,30433.868,66
2022-01-10,30433.904,36
2022-01-10,30433.906,2
2022-01-10,30433.94,34
2022-01-10,30433.952,12
2022-01-10,30433.972,20
2022-01-10,30434.004,32
2022-01-10,30434.024,20
2022-01-10,30434.167,143
2022-01-10,30434.712,545
2022-01-10,30434.747,35
2022-01-10,30434.815,68
2022-01-10,30434.846,31
2022-01-10,30434.851,5
2022-01-10,30434.871,20
2022-01-10,30434.986,115
2022-01-10,30434.987,1
2022-01-10,30435.091,104
2022-01-10,30435.288,197
2022-01-10,30435.329,41
2022-01-10,30435.485,156
2022-01-10,30436.178,693
2022-01-10,30436.304,126
2022-01-10,30436.414,110
2022-01-10,30436.45,36
2022-01-10,30436.742,292
2022-01-10,30436.8,58
2022-01-10,30437.007,207
2022-01-10,30437.262,255
2022-01-10,30437.4,138
2022-01-10,30437.451,51
2022-01-10,30437.627,176
2022-01-10,30437.978,351
2022-01-10,30438.061,83
2022-01-11,30438.491,430
2022-01-11,30438.524,33
2022-01-11,30438.668,144
2022-01-11,30439.127,459
2022-01-11,30439.751,624
2022-01-11,30440.001,250
2022-01-11,30440.201,200
2022-01-11,30440.412,211
2022-01-11,30440.502,90
2022-01-11,30440.637,135
2022-01-11,30440.832,195
2022-01-11,30440.843,11
2022-01-11,30440.843,0
2022-01-11,30441.133,290
2022-01-11,30441.358,225
2022-01-11,30441.358,0
2022-01-11,30441.408,50
2022-01-11,30441.432,24
2022-01-11,30441.483,51
2022-01-11,30441.493,10
2022-01-11,30441.51,17
2022-01-11,30441.521,11
2022-01-11,30441.591,70
2022-01-11,30441.618,27
2022-01-11,30441.658,40